-10.0000;-23.7532;-29.4507;-25.2373;-10.8849;12.1123;40.7069;70.7116;97.4030;116.2318;123.5414;117.1902;96.9864;64.8662;24.7777;-17.7244;-56.1327;-83.8123;-94.8948;-85.1248;-52.5483;2.0562;75.0690;160.2715;249.4236;333.1177;401.8164;446.9518;461.9575;443.1069;390.0532;305.9987;197.4664;73.6912;-54.3042;-174.8480;-276.8422;-350.9338;-390.4979;-392.3225;-356.9176;-288.4153;-194.0770;-83.4663;32.6117;143.2814;238.7410;311.2514;355.8596;370.7814;357.4101;319.9647;264.8309;199.6870;132.5272;70.7063;20.1196;-15.3853;-34.3038;-37.4527;-27.6499;-9.1524;13.0638;34.0766;49.7379;57.2435;55.4798;45.1055;28.3653;8.6688;1
25,7657;-15,6162;26,1026;12,5789;-11,1864;14,8640;8,6312;1,0593;-14,9836;-26,1847;16,6986;22,2690;-13,5865;16,6468;5,3772;-19,4841;19,2884;1,6229;13,1095;1,8922;-10,6078;2,1446;-19,0524;-25,9612;1,9081;4,0575;42,2199;20,6259;25,8527;11,8465;14,5213;20,0104;-11,9571;1,9607;12,1150;25,1935;-20,9919;20,3521;10,8793;-6,3783;6,5297;-27,5655;-26,2344;5,4870;12,8540;-12,4808;-20,2879;-17,2910;20,1032;-20,5371;9,7219;-15,2792;-16,0864;18,1868;-5,3556;-39,2520;17,6212;-5,3334;29,2678;-0,2192;5,8004;15,6873;47,6675;-30,7884;-23,9805;19,8078;-34,0678;-16,0006;28,3951;38,7562;0
8.0000;-3.5307;-7.5808;-2.4089;12.1373;34.5347;61.7603;89.7065;113.7819;129.6142;133.7551;124.2878;101.2434;66.7595;24.9476;-18.5278;-57.1124;-84.1922;-93.9853;-82.3811;-47.6150;9.3177;84.5731;171.7212;262.3425;346.8976;415.7753;460.3973;474.2491;453.7113;398.5870;312.2562;201.4292;75.5198;-54.2945;-176.2247;-279.1020;-353.5526;-392.9796;-394.2421;-357.9546;-288.3753;-192.8999;-81.2219;35.7396;147.0191;242.7558;315.1835;359.3542;373.5165;359.1201;320.4568;263.9955;197.5016;129.0562;66.0962;14.5920;-21.5420;-40.7444;-43.7854;-33.4481;-13.9681;9.6840;32.5730;50.5158;60.6493;61.7755;54.4440;40.7686;24.0111;1
-20,3088;15,5349;-15,7800;24,4643;17,2689;2,3217;-27,2058;7,1738;-16,3283;20,2737;-4,4891;0,8233;-1,1530;15,7705;23,9147;-12,6216;-27,0999;-12,9843;2,7576;-16,7276;16,2925;23,6898;18,2083;4,3647;37,2612;-1,8176;-21,1206;-12,0484;5,3480;-3,3722;7,7407;26,3278;25,4735;18,4520;13,1831;-34,1302;21,3393;39,5120;-6,9678;-15,0266;-1,5751;-13,0797;1,2021;-1,0900;19,0151;-4,5458;6,2562;9,1571;8,5233;10,8473;22,9507;15,9731;-4,5498;-5,7621;-15,2485;-11,8005;23,4578;-0,0498;-27,9198;-17,2450;5,7830;3,5535;1,4137;2,5353;2,4736;-58,5918;3,3974;-19,6426;-11,9237;-4,8711;0
-1,8381;-12,6182;5,6243;-9,9027;-1,3827;8,4020;23,0033;-17,2414;3,0423;7,3841;14,2956;-17,2727;-35,1839;23,6056;12,2681;-11,8218;-19,1571;12,7049;-16,2853;6,1064;-17,5327;-41,4455;20,9949;-9,2367;30,2586;19,9100;18,8056;-26,7221;21,1142;-32,7190;12,0898;-7,2103;23,4078;11,2129;36,6298;23,2307;26,5767;-11,4871;20,6211;16,8294;27,9213;22,4945;-17,7140;21,5373;4,7291;0,8730;-12,1619;6,9732;-16,2213;3,7015;7,7737;39,2487;-17,2779;1,2879;0,4169;-19,6014;-4,9748;-8,4169;30,7232;-6,1556;0,7792;-26,8739;-6,2368;-33,3217;-4,2501;-7,5387;-9,8036;34,0831;3,0896;-12,8664;0
4.0000;-10.0051;-16.6033;-13.8856;-1.5462;19.0194;44.8815;71.9872;95.7610;111.8113;116.6432;108.2731;86.6547;53.8459;13.8825;-27.6381;-64.2192;-89.2949;-97.1246;-83.6361;-47.1031;11.4379;88.0981;176.4004;267.8788;352.9540;421.9875;466.3924;479.6706;458.2468;401.9972;314.4005;202.2851;75.1929;-55.5731;-178.1127;-281.1741;-355.3382;-394.0086;-394.0930;-356.3004;-285.0223;-187.8141;-74.5405;43.7146;155.8443;251.8847;324.0180;367.3010;380.0457;363.8176;323.0656;264.4414;195.9006;125.7016;61.4277;9.1499;-27.1743;-46.0004;-48.1754;-36.6101;-15.7053;9.3825;33.5308;52.3862;62.9498;63.9341;55.8541;40.8455;22.2450;1
-5.0000;-14.6993;-17.2173;-10.9773;4.0700;26.3702;52.9412;79.7810;102.4538;116.7723;119.4805;108.8379;85.0159;50.2412;8.6555;-34.1062;-71.5725;-97.2519;-105.5077;-92.3776;-56.2293;1.8416;77.9340;165.6092;256.4849;341.0978;409.9384;454.5394;468.4904;448.2533;393.6784;308.1522;198.3498;73.6145;-54.9724;-175.7284;-277.5863;-351.2531;-390.1797;-391.2324;-354.9899;-285.6368;-190.4665;-79.0575;37.7826;149.1779;245.3201;318.4476;363.5634;378.8165;365.5148;327.7814;271.9092;205.5028;136.5181;72.3206;18.8762;-19.8347;-42.1156;-48.5454;-41.6767;-25.4992;-4.7473;15.8448;32.2391;41.6458;42.8607;36.3494;24.0732;9.0910;1
-2.0000;-12.4424;-15.8540;-10.6702;3.1663;24.1331;49.3073;74.7709;96.1924;109.5006;111.5557;100.7209;77.2458;43.3986;3.3165;-37.4201;-72.4442;-95.4134;-100.8739;-85.0665;-46.5644;13.3463;90.6065;178.6662;269.0894;352.4214;419.2233;461.1540;471.9733;448.3420;390.3211;301.5007;188.7367;61.5162;-68.9818;-191.0276;-293.5565;-367.3220;-405.8566;-406.1302;-368.8354;-298.2670;-201.8153;-89.1333;28.9221;141.4527;238.6512;312.7745;358.8546;375.0715;362.7589;326.0545;271.2515;205.9391;138.0446;74.8952;22.4145;-15.4572;-37.0560;-42.9810;-35.7913;-19.4684;1.2733;21.7278;37.8876;46.9897;47.8489;40.9377;28.2106;12.7081;1
3,6914;-1,1812;-35,3159;-44,4598;17,6983;4,0555;12,1483;10,4846;-51,3143;0,3337;-25,6667;-6,8636;-8,9011;28,3969;-2,9837;12,2323;-1,2700;-4,2711;39,1971;-26,9111;-2,7484;-17,6648;-8,7963;-22,8858;8,0598;11,8507;21,1245;1,4255;11,7613;-30,8361;5,8818;-26,3569;14,4209;34,9231;15,8715;14,6657;5,1816;-6,7926;-6,4911;63,0721;29,0681;-46,2977;20,2656;2,4701;-21,2109;16,8149;-4,1797;-6,8011;-19,2775;26,5050;-5,6133;8,2993;-3,1273;26,4052;37,4899;4,0021;-14,0178;-5,8200;-13,1001;-1,5269;18,8033;-8,4099;7,8260;-7,3017;-35,9151;-20,6656;-2,7896;2,9523;3,4559;2,2423;0
1.0000;-11.4960;-16.7470;-12.8752;0.4175;21.7453;48.1974;75.7414;99.8166;116.0362;120.8980;112.4011;90.4754;57.1550;16.4592;-26.0167;-63.7582;-90.1589;-99.4153;-87.3731;-52.2125;5.1261;80.8417;168.5258;259.7535;344.9516;414.4513;459.6011;473.8096;453.3906;398.1045;311.3230;199.7906;72.9990;-57.7574;-180.5430;-284.0290;-358.6864;-397.7879;-398.1050;-360.2228;-288.4369;-190.2492;-75.5220;44.6072;158.9251;257.3165;331.7808;377.1788;391.6324;376.5421;336.2346;277.2948;207.6743;135.6914;69.0479;13.9804;-25.3559;-47.2065;-52.2140;-43.1093;-24.1519;-0.4063;23.0431;41.8287;52.8898;54.8415;48.0780;34.6047;17.6330;1
10.0000;-1.9459;-6.8367;-2.7429;10.6768;32.0611;58.4988;85.9297;109.7418;125.4810;129.5737;119.9575;96.5252;61.3111;18.3797;-26.5796;-66.9130;-95.8389;-107.3581;-97.1202;-63.1298;-6.1940;69.9597;158.9234;252.1948;340.0481;412.5979;460.9302;478.1694;460.3507;406.9883;321.2647;209.8106;82.0910;-50.5369;-175.9930;-282.7364;-360.9812;-403.7236;-407.4675;-372.5641;-303.1305;-206.5596;-92.6814;27.3254;142.1418;241.4999;317.2200;363.9799;379.7364;365.7610;326.3002;267.9128;198.5779;126.6864;60.0450;5.0105;-34.1439;-55.5640;-59.8247;-49.6292;-29.2520;-3.8120;21.5208;42.2739;55.2765;59.0423;53.8840;41.7545;25.8442;1
16,7885;1,2921;-40,0108;12,6624;-10,1305;3,4874;16,7263;-6,0910;13,8313;32,2405;-17,1291;-22,3601;-16,5833;9,2217;-12,9139;23,8916;16,1097;-14,3526;-14,8426;-0,7206;33,2937;-27,9179;22,1639;-2,4972;-6,8922;1,2560;-18,7356;15,4463;-3,1221;-2,4599;25,7478;14,2636;-6,1670;-14,5171;8,4432;-22,5376;7,0489;24,2938;-2,7551;38,0789;-3,6233;-21,4505;26,0649;17,6989;30,8823;37,2078;-4,8029;21,7178;21,1496;3,9654;20,2283;-35,9498;12,1729;10,7215;5,6309;-11,8117;55,9415;-21,1374;7,6564;-10,6626;7,4806;1,9588;17,6539;-64,9311;21,2797;30,8630;-8,6233;-10,1248;-4,2823;29,2515;0
-6.0000;-17.1533;-20.3673;-13.8431;2.5654;27.2594;57.0732;87.7020;114.3236;132.3278;138.0512;129.4121;106.3500;70.9988;27.5587;-18.1312;-59.2745;-88.9732;-101.1518;-91.4307;-57.8324;-1.2211;74.5928;163.1104;255.7488;342.7302;414.1586;461.1585;476.9419;457.6735;403.0246;316.3438;204.4149;76.8219;-55.0110;-179.0012;-283.6748;-359.3784;-399.2950;-400.1508;-362.5308;-290.7727;-192.4517;-77.5219;42.7853;157.1755;255.4778;329.6698;374.6265;388.5175;372.8159;331.9338;272.5399;202.6534;130.6326;64.1831;9.5066;-29.3115;-50.6126;-55.1474;-45.7507;-26.7649;-3.3007;19.5583;37.4981;47.5620;48.5108;40.9106;26.9452;9.9879;1
-3,9435;-23,5682;3,9246;16,8752;-10,7352;-30,8395;-9,2898;-15,9930;9,4572;37,0795;15,0591;6,7871;-0,0741;-13,2429;-43,9523;17,6897;33,9564;23,3017;34,8561;22,8915;13,3708;-2,4834;12,4635;-15,0773;38,1015;-12,0222;-4,5869;-8,2964;54,0121;9,9352;-6,8380;-14,0850;-14,2186;-5,5445;32,3626;6,2684;-17,6449;8,2946;-18,4490;37,7446;-20,9015;6,5632;-2,2677;13,0222;2,1768;41,4824;-28,0050;-0,5944;-12,1175;20,5617;38,0429;-12,5229;-6,0489;35,4412;6,4630;23,9338;-8,3752;-12,7357;-9,1974;2,5041;13,6491;26,9353;-6,0580;-16,4515;8,3541;23,1252;-1,4623;21,9964;8,0140;0,6445;0
-9,5356;-1,8985;2,7500;15,7163;31,9551;16,0336;24,2523;-5,3848;-15,3419;-9,3070;-23,1526;-5,0020;-37,9011;-0,3341;4,8272;26,2793;-3,0294;6,5063;-8,1248;-0,9181;-3,8847;22,3828;23,7293;-17,3835;25,5254;5,5134;-11,9240;-15,6877;-21,7240;-6,6749;7,1573;-24,1993;18,2381;6,4655;20,9742;20,0451;-23,3645;4,2618;-18,4924;-14,0887;2,7958;-25,6291;-8,2171;-42,7846;-9,8248;23,3120;-43,2082;-9,1978;15,2571;-19,6087;-14,3030;0,0090;6,6255;-6,9285;0,6366;-1,6259;-0,9381;-12,6151;-40,9691;-6,9420;-25,9253;2,2550;11,2637;13,9367;7,1583;30,3180;-1,5584;-1,7633;-2,4552;-1,1985;0
-8,5527;-2,0137;42,8054;-20,9290;-17,6798;44,6018;12,0288;13,8845;-8,9850;-4,3895;19,3622;4,2352;29,8394;-0,9269;-27,0989;-23,3014;11,8819;-7,9064;-29,5418;6,1229;-1,0857;-11,1854;-21,5462;-28,1119;-15,5668;-6,3325;-18,9262;14,6897;32,8318;-23,1909;8,0355;4,6262;-19,0579;1,6329;19,4815;-22,4059;-18,2115;-10,6162;24,5943;16,4335;-13,2799;-16,1751;4,2943;-9,2163;-20,8252;5,1902;-25,4301;18,2959;-19,5466;-14,7658;6,9335;15,6177;12,8969;33,2039;4,4213;-7,7938;-29,8197;-0,4089;-31,3475;1,4936;10,6570;-11,4826;-8,2229;-3,4664;2,3129;35,2606;-11,7903;-27,1650;-12,4842;-0,0175;0
3.0000;-7.9870;-11.2377;-5.0845;10.5036;33.8461;61.7453;89.9236;113.6479;128.4549;130.8737;119.0422;93.1248;55.4619;10.4187;-36.0601;-77.1448;-105.9807;-116.6080;-104.8236;-68.8684;-9.8434;68.2111;158.5974;252.5851;340.3150;411.8812;458.4692;473.4118;453.0382;397.2061;309.4494;196.7137;68.7025;-63.0961;-186.5965;-290.3811;-364.9026;-403.4843;-403.0077;-364.2074;-291.5454;-192.6803;-77.5982;42.4919;156.3687;253.9751;327.4274;371.7462;385.2344;369.4694;328.9256;270.2843;201.5279;130.9330;66.0909;13.0719;-24.1706;-44.0931;-47.5307;-37.3622;-17.9302;5.6952;28.5041;46.2749;56.1469;56.9634;49.3449;35.4906;18.7456;1
-35,7944;-31,7126;-29,4307;-19,0349;-1,2353;-26,4781;13,4616;-15,2144;-3,5617;-7,6217;-22,5058;22,6229;11,2735;26,2491;-3,8257;-38,5362;14,6536;25,6446;-13,7969;-9,0429;-2,1334;-31,4839;1,0895;-0,2769;-11,0297;21,0523;9,0939;-14,9839;-27,4456;-9,8188;-3,1559;17,8521;34,1995;2,6773;-13,3819;16,0095;33,5251;-5,6789;21,9168;8,5078;-39,5643;30,6512;17,8720;-8,4411;-11,8448;4,4503;18,4763;-2,8321;-18,5454;16,5604;-8,8161;-21,2326;25,8944;49,1202;21,7679;-18,8698;14,3501;-4,8215;11,2053;12,7003;0,5077;-0,5185;-0,9868;-8,0075;-15,1552;2,5646;46,6795;-5,5308;-44,3896;-28,7388;0
-5.0000;-16.2921;-19.9167;-14.1346;1.1927;24.5170;52.7796;81.8305;107.0315;123.9639;129.1384;120.6052;98.3735;64.5713;23.3123;-19.7267;-57.9724;-84.7891;-94.3742;-82.6023;-47.7022;9.3273;84.6288;171.7507;262.2464;346.5497;415.0268;459.0869;472.2166;450.8151;394.7218;307.3701;195.5368;68.7113;-61.8525;-184.2941;-287.3870;-361.7187;-400.6781;-401.1373;-363.7506;-292.8410;-195.8880;-82.6821;35.7559;148.3631;245.1923;318.4100;363.0235;377.2629;362.5848;323.3108;265.9584;198.3544;128.6476;64.3422;11.4702;-26.0031;-46.4775;-50.6984;-41.4366;-22.9248;-0.1373;21.9845;39.2530;48.8044;49.4460;41.7390;27.8138;10.9517;1
-4.0000;-15.3392;-18.7568;-12.6258;3.0582;26.6057;54.8259;83.4601;107.7995;123.4006;126.8004;116.1248;91.5021;55.2117;11.5356;-33.6795;-73.7067;-101.7871;-112.0376;-100.3019;-64.8296;-6.6891;70.1520;159.1030;251.5638;337.8147;408.0830;453.6656;467.9716;447.3615;391.6755;304.3825;192.3228;65.0673;-66.0404;-189.0520;-292.6631;-367.3997;-406.6078;-407.1357;-369.6306;-298.4205;-200.9973;-87.1657;32.0418;145.5549;243.4240;317.8168;363.7415;379.4241;366.3073;328.6850;273.0301;207.1082;138.9921;76.1008;24.3790;-12.2882;-32.3649;-36.6356;-27.8785;-10.2990;11.1915;31.7457;47.2932;55.0999;54.1024;44.9769;29.9422;12.3313;1
-8.0000;-21.3851;-26.5861;-21.7275;-6.5997;17.2443;46.6632;77.3533;104.4686;123.3502;130.2638;123.0380;101.5098;67.7044;25.7150;-18.7166;-58.8745;-87.9181;-99.8017;-90.1462;-56.9457;-1.0099;73.9257;161.4506;253.0750;339.1109;409.7394;456.1439;471.5712;452.1946;397.6681;311.2998;199.8150;72.7288;-58.6071;-182.1766;-286.5599;-362.1387;-402.1083;-403.1823;-365.9099;-294.5723;-196.6740;-82.0900;38.0276;152.4563;251.0831;325.9232;371.8663;387.0713;372.9760;333.9351;276.5418;208.7274;138.7550;74.2344;21.2767;-16.1140;-36.3463;-40.2217;-30.6079;-11.8611;10.9122;32.6508;49.0785;57.2917;56.1165;46.1948;29.7946;10.3786;1
9.0000;-5.3709;-12.0522;-9.0082;4.1325;25.9677;53.4852;82.4817;108.1800;125.9582;132.0908;124.3917;102.6656;68.8952;27.1249;-16.9532;-56.6715;-85.2353;-96.6422;-86.5547;-53.0069;3.1522;78.1500;165.5426;256.8146;342.2630;412.0699;457.4384;471.6565;450.9600;395.0846;307.4338;194.8346;66.9000;-64.9344;-188.5943;-292.6357;-367.4570;-406.3138;-406.0221;-367.2690;-294.4985;-195.3878;-79.9783;40.4353;154.5278;252.1367;325.2900;368.9546;381.4282;364.3399;322.2726;262.0660;191.8943;120.2391;54.8834;2.0508;-34.2132;-52.3517;-53.2736;-40.0172;-17.1586;9.9460;35.9766;56.4103;68.1279;69.7869;61.9176;46.7389;27.7261;1
-7.0000;-18.6748;-22.2332;-16.0290;-0.0495;24.0171;52.9773;82.5686;108.0775;125.0547;130.0270;121.1025;98.3798;64.0934;22.4631;-20.7443;-58.8961;-85.3370;-94.2893;-81.6937;-45.8784;12.0380;88.0742;175.6674;266.2885;350.3282;418.1572;461.2363;473.1454;450.4067;392.9972;304.4843;191.7580;64.3842;-66.3526;-188.6130;-291.2396;-364.9293;-403.2056;-403.0817;-365.3411;-294.4044;-197.8033;-85.3245;32.0729;143.4401;238.9851;311.0530;354.8315;368.7107;354.2663;315.8817;260.0689;194.5794;127.4227;65.9131;15.8615;-18.9965;-37.2742;-39.8917;-29.7376;-11.0939;11.0890;31.9624;47.4883;54.9921;53.4879;43.7383;28.0480;9.8283;1
25,5142;20,2255;-20,1410;-8,7248;27,9103;22,2182;-36,3728;-20,5090;24,2093;7,4770;-10,4114;-19,3009;2,0017;1,8932;16,7848;-25,5220;-9,1367;26,6757;11,8362;-19,7481;-9,1722;24,1751;-7,4370;13,3093;-12,2172;-2,8867;0,4862;-4,9068;9,7965;26,4899;22,7307;-36,9971;12,3363;-20,1396;-6,9391;-28,9219;3,9950;-34,9431;16,5518;6,7701;23,9230;-11,5776;35,9706;-13,4150;-4,5972;1,8418;20,0159;-11,4485;5,1361;-12,5395;-25,4111;-18,6075;-29,7841;-28,4348;-22,6386;10,5718;-4,3627;38,6788;-14,7020;-34,2266;29,0204;-9,0584;-30,6287;8,9808;10,1414;7,7244;-15,9303;-6,9495;-25,9372;-9,1660;0
4,2565;-3,5439;6,7432;-2,9239;-31,1640;7,1812;13,0324;5,9696;-12,1509;4,5570;-38,6995;40,7432;-9,7935;12,2292;-24,7205;15,2800;-27,3326;-13,1266;25,5396;-45,1003;23,1275;14,3802;20,2984;11,8342;43,5002;16,2893;-51,3889;-8,8919;-11,2404;-5,8272;3,5625;42,1008;15,0194;20,0254;5,5931;-5,9232;-33,7639;-16,0456;15,7780;22,4820;27,6366;-37,5051;25,9151;-16,9308;13,9324;58,5187;8,8653;19,3175;0,4330;12,0751;7,0580;-7,7006;-6,7051;-13,9751;-14,5657;-20,8818;21,8344;9,9277;-18,1738;13,4467;5,3600;-3,0260;8,9853;-9,3250;32,2052;-16,6992;3,9439;-15,7654;-47,1262;29,6579;0
-8.0000;-21.0661;-25.7144;-20.1889;-4.4252;19.8744;49.4370;79.8654;106.2728;124.0206;129.4560;120.5417;97.2858;61.9016;18.6632;-26.5371;-66.8816;-95.4913;-106.3515;-95.1796;-60.1216;-2.1759;74.7192;163.9609;256.9016;343.7482;414.6429;460.7996;475.5608;455.2471;399.6917;312.3899;200.2371;72.8778;-58.2648;-181.1721;-284.4925;-358.7388;-397.2850;-397.0488;-358.7830;-286.9462;-189.1701;-75.3894;43.2608;155.6524;251.8349;324.0368;367.3880;380.2873;364.3856;324.1993;266.4143;198.9760;130.0828;67.2096;16.2795;-18.9212;-37.0232;-39.0287;-27.9620;-8.2760;14.8947;36.5287;52.4484;59.8914;57.8465;47.1162;30.1048;10.3688;1
23,3218;8,5032;4,5768;-26,3836;-18,6924;-7,3272;6,4764;9,0652;-4,3298;8,3082;-24,3241;-2,0941;-20,3096;23,5676;-6,1262;2,4528;-18,5547;21,4989;22,6286;9,8049;-21,7500;28,8088;31,4741;13,3091;2,4563;-25,0669;-7,7715;-15,6949;47,4533;-27,1755;28,3132;25,2186;-26,6018;22,2409;2,5158;-28,6077;19,0510;-15,4259;15,5690;-9,8147;-1,0084;24,2428;-6,9740;1,1743;11,7077;-10,0100;4,4155;19,9968;32,2068;5,1167;11,3017;-32,8821;2,0818;-3,4026;-18,5620;-0,0536;-5,0775;5,5809;-9,4545;-6,7966;76,5004;-2,0835;2,2294;-12,2579;-21,8055;-10,2824;-10,6513;26,9556;-13,2330;-0,0193;0
-5.0000;-17.2636;-21.9172;-17.1589;-2.7833;19.7242;47.3563;75.9945;101.0090;117.9629;123.3236;115.0780;93.1588;59.6142;18.4853;-24.6063;-63.1170;-90.4085;-100.6421;-89.6245;-55.4905;0.8718;75.7199;162.7084;253.4761;338.5092;408.1864;453.8853;469.0183;449.8722;396.1470;311.1211;201.4163;76.3810;-52.8440;-174.4740;-277.3129;-351.9328;-391.6636;-393.2816;-357.3194;-287.9649;-192.5632;-80.7825;36.4549;148.1535;244.3995;317.3584;362.0064;376.5194;362.2852;323.5523;266.7691;199.7050;130.4679;66.5398;13.9484;-23.3308;-43.6787;-47.8183;-38.5015;-19.9502;2.8607;24.9771;42.1876;51.5981;51.9837;43.8783;29.3952;11.8144;1
-3.0000;-15.4831;-19.9885;-14.8038;0.1498;23.2395;51.3099;80.1138;104.9309;121.2860;125.6688;116.1491;92.7960;57.8338;15.4986;-28.3963;-67.1434;-93.9894;-103.0467;-90.1480;-53.5311;5.7431;83.7050;173.7493;267.2470;354.4357;425.4897;471.6462;486.2551;465.6239;409.5534;321.4918;208.2811;79.5183;-53.4035;-178.4666;-284.2820;-361.2830;-402.7224;-405.3620;-369.7755;-300.2356;-204.1994;-91.4581;26.9497;139.9320;237.5070;311.8050;357.7970;373.6772;360.8645;323.6385;268.4670;203.1170;135.6658;73.5354;22.6679;-13.0641;-32.1490;-35.4084;-25.6691;-7.1926;15.0499;36.1546;52.0038;59.8314;58.5619;48.8825;33.0462;14.4423;1
8.0000;-4.7616;-10.5895;-7.4866;4.9798;25.5579;51.4550;78.7263;102.8586;119.4663;125.0020;117.3781;96.4066;63.9870;24.0026;-18.0714;-55.8108;-82.6573;-92.8074;-82.0574;-48.4929;7.0755;80.9981;167.0233;256.8714;341.0885;410.0858;455.2450;469.9588;450.4783;396.4621;311.1531;201.1529;75.8121;-53.7007;-175.5494;-278.4706;-352.9630;-392.2904;-393.1847;-356.1680;-285.4604;-188.4854;-75.0340;43.8134;156.8829;254.0799;327.4085;371.7237;385.1379;369.0463;327.7809;267.9468;197.5329;124.9102;57.8434;2.6350;-36.5002;-57.7642;-61.7810;-51.2940;-30.6100;-4.8739;20.7209;41.6788;54.8036;58.5812;53.2962;40.8765;24.4961;1
10.0000;-3.9132;-10.2531;-7.0846;5.8837;27.1990;53.8360;81.6178;105.8311;121.9498;126.3656;117.0201;93.8432;58.9275;16.4034;-27.9830;-67.5446;-95.5008;-105.8931;-94.4497;-59.2838;-1.3271;75.5701;164.8984;258.0925;345.4166;417.0355;464.1452;480.0316;460.9262;406.5522;320.2883;208.9224;82.0152;-49.0593;-172.2901;-276.2909;-351.5024;-391.1988;-392.1845;-355.1013;-284.3141;-187.3916;-74.2454;43.9709;156.0707;252.0152;323.9282;366.8355;379.0506;362.1733;320.7164;261.4152;192.3178;121.7703;57.4268;5.4011;-30.3402;-48.2809;-49.3292;-36.4838;-14.2483;12.1160;37.3933;57.1608;68.3822;69.7700;61.8744;46.8968;28.2591;1
-8.0000;-19.2187;-22.8300;-17.1605;-2.1184;20.7260;48.3199;76.5454;100.8205;116.7994;121.0745;111.7777;88.9917;54.9022;13.6595;-29.0461;-66.6515;-92.5515;-100.9906;-87.9003;-51.5705;6.9411;83.7248;172.2862;264.1467;349.7176;419.3501;464.4420;478.4692;457.8162;402.3037;315.3400;203.6737;76.7644;-54.1589;-177.2517;-281.2882;-356.8370;-397.2460;-399.3229;-363.6372;-294.4114;-199.0164;-87.1348;30.3093;142.3287;239.0232;312.5707;357.9528;373.3366;360.0842;322.3987;266.6660;200.5806;132.1699;68.8395;16.5544;-20.7500;-41.4648;-46.2901;-37.9212;-20.4942;1.1235;22.0953;38.3253;47.0194;47.0255;38.9136;24.7922;7.8944;1
3,1822;-4,2490;12,1968;-3,1485;18,9499;-41,8020;8,7695;-3,5191;15,1846;-16,8497;-2,4127;-6,4455;-4,7901;9,7060;-51,5270;35,0912;-1,3737;-2,0958;8,0343;13,6901;-12,6703;-9,0353;-12,4658;-42,9701;-6,1308;10,2656;5,3242;14,7805;48,7405;3,4535;30,2360;9,0738;2,9045;13,2535;-5,3960;23,0545;16,6734;3,6341;-2,7506;20,7073;-8,1817;16,6691;35,5303;4,1367;3,3136;17,6808;-15,1427;-10,5957;49,9938;-21,8496;-5,7744;5,0956;30,0705;1,4629;2,4589;-19,2977;25,8470;0,9999;4,6185;-7,4579;14,9265;-0,7087;15,3479;13,6762;3,0084;13,7268;9,1919;7,3596;51,8227;-18,6156;0
-25,6417;5,0954;-13,6593;23,4370;-21,1383;15,2624;3,9218;23,9171;-9,4387;-25,9863;28,1514;-2,8326;18,0047;-1,2872;-39,5060;21,7610;40,6089;-5,1586;18,0416;-29,2619;26,0923;37,0400;-27,7713;-27,2470;-11,0042;2,2378;2,8811;2,0411;16,7180;-15,1661;-0,7719;27,7235;17,9507;3,8491;2,8058;-26,3434;-33,5334;-7,3361;-33,1190;8,4336;-4,9150;12,1678;-12,4680;3,0697;9,4174;-10,7672;-9,3666;-21,0841;-17,6335;5,8670;28,9031;14,7315;-27,5174;-57,5844;0,4435;20,4435;12,5773;-1,9958;-31,6411;13,1267;-34,5992;-14,3663;15,9764;-3,0316;1,1310;12,1420;1,7889;8,6740;-34,5065;-13,6669;0
-10.0000;-22.4274;-26.4593;-20.4424;-4.4136;19.8418;49.0035;78.6727;104.0138;120.4903;124.5936;114.4577;90.2685;54.4006;11.2515;-33.2200;-72.1998;-98.8868;-107.4141;-93.7047;-56.1460;4.0116;82.5958;172.8157;265.9045;352.0346;421.4056;465.3768;477.5106;454.3990;396.1701;306.6049;192.8445;64.7120;-66.2781;-188.1135;-289.5455;-361.2757;-396.9320;-393.7239;-352.7018;-278.5968;-179.2594;-64.7683;53.6862;165.0111;259.3750;329.1929;369.8253;379.9195;361.3648;318.8810;259.3036;190.6616;121.1674;58.2462;7.7196;-26.7611;-43.9749;-45.0646;-33.1695;-12.8198;10.8175;32.7319;48.7934;56.3109;54.3525;43.7922;27.0825;7.7954;1
13,6867;-6,4226;17,7612;-17,6955;-21,8222;14,7583;18,2834;-12,1176;-46,4897;-22,4888;-24,4671;-18,5008;-3,8591;26,3478;6,0509;23,1131;-3,9296;33,6293;9,2711;-31,4419;7,0332;-0,0197;16,3343;10,5172;-13,8804;-22,7050;33,8789;-25,5800;15,2821;2,2414;7,7227;-18,1297;-28,7141;11,2282;7,5582;26,8893;26,4606;2,8680;-0,7028;-11,0532;-25,9501;-1,2136;-7,4260;0,6369;-9,2932;-16,4752;3,7451;4,5598;-1,0781;-41,2686;2,4088;34,6248;4,1586;9,7716;0,8912;0,8271;28,0569;-37,6009;22,1779;-39,8674;7,7165;-24,5366;14,9739;-4,3853;-18,4817;12,0306;13,3310;4,7547;-11,9430;8,7666;0
6.0000;-6.6981;-12.6715;-10.0072;1.6953;21.2106;45.8295;71.7391;94.5896;110.1695;115.0931;107.4000;86.9765;55.7309;17.4862;-22.4083;-57.7066;-82.0627;-89.8951;-77.2071;-42.2533;14.0440;87.9928;173.3724;262.0021;344.5818;411.7124;454.9770;467.9574;447.0587;392.0411;306.1862;196.0689;70.9546;-58.1187;-179.4701;-281.9940;-356.3256;-395.8248;-397.2634;-361.1404;-291.5911;-195.9018;-83.6911;34.1475;146.6159;243.7618;317.6783;363.2427;378.5175;364.7793;326.1844;269.1243;201.3598;131.0442;65.7597;11.6805;-27.0390;-48.5883;-53.5099;-44.4087;-25.4142;-1.4780;22.3917;41.8545;53.8216;56.8276;51.1440;38.6296;22.3458;1
23,5789;5,8136;-4,5215;17,3283;23,6798;-21,4598;-15,0908;-19,5649;-9,4737;-4,6518;7,3347;-20,3645;-1,9282;-28,6929;-29,5399;25,6769;-14,1762;19,5924;-12,1468;16,7382;15,4781;42,4871;-0,9150;-13,8431;-5,9124;21,8937;-1,9734;-20,8494;5,4796;-10,0266;-25,3628;-25,2835;5,4151;-46,5645;6,3075;14,9326;27,3215;-19,0030;-6,0343;11,4271;11,6586;-11,8430;-8,3993;-8,0955;-22,4759;-20,3441;-2,0135;-30,9955;-9,2965;22,9825;-11,7569;-29,5225;-1,1350;11,5476;26,5344;-12,9158;-23,5568;3,4718;-1,8350;7,0261;-28,0452;34,4150;21,9045;-7,8206;-11,7220;11,0378;0,4048;-50,8648;44,1787;5,8095;0
-8.0000;-18.8839;-21.6889;-14.7857;1.7993;26.3150;55.4854;84.9541;109.9144;125.8396;129.2095;118.1300;92.7509;55.4155;10.5083;-35.9938;-77.2182;-106.2604;-117.1081;-105.5060;-69.6463;-10.5877;67.6622;158.4280;252.9889;341.4820;413.9841;461.6496;477.7679;458.6133;403.9805;317.3345;205.5504;78.2642;-53.0968;-176.4948;-280.5443;-355.7095;-395.3031;-396.1721;-358.9945;-288.1552;-191.2203;-78.0735;40.1813;152.4226;248.6805;321.1385;364.8593;378.1583;362.5950;322.5962;264.7696;197.0036;127.4686;63.6455;11.4997;-25.1065;-44.6991;-48.1554;-38.3665;-19.6561;2.9539;24.5257;40.9282;49.4014;48.8906;40.1121;25.3465;8.0002;1
-6.0000;-17.1057;-20.1531;-13.5649;2.5866;26.5239;54.9740;83.6190;107.7278;122.8805;125.6850;114.3812;89.2411;52.7006;9.1899;-35.3263;-74.0517;-100.2208;-108.0137;-93.4046;-54.8313;6.4107;86.1111;177.4479;271.6279;358.7989;429.1334;473.9585;486.7973;464.1953;406.2295;316.6292;202.4901;73.6028;-58.5306;-181.8835;-285.1629;-358.9951;-396.9044;-395.9739;-357.1157;-284.9210;-187.1128;-73.6670;44.2926;155.6960;250.6865;321.6072;363.7053;375.4839;358.6710;317.8237;259.6297;191.9997;123.0695;60.2370;9.3479;-25.8741;-44.0950;-46.3172;-35.5273;-16.1070;6.9049;28.5921;44.8753;53.0652;52.1840;43.0164;27.8939;10.2471;1
-6.0000;-18.1449;-22.4020;-16.9594;-1.6559;21.9334;50.6817;80.3415;106.1656;123.6325;129.1720;120.7890;98.4892;64.4395;22.8289;-20.5664;-59.0659;-85.9358;-95.3028;-83.0100;-47.3034;10.7520;87.1891;175.4157;266.8325;351.7281;420.3530;464.0482;476.2932;453.5461;395.7703;306.5757;192.9512;64.6092;-66.9885;-189.8146;-292.5389;-365.7243;-402.8209;-400.8446;-360.6641;-286.8659;-187.2151;-71.7789;48.1838;161.4370;257.9448;329.8801;372.3511;383.7729;365.8514;323.1956;262.6173;192.2145;120.3553;54.6910;1.3152;-35.8337;-55.2641;-57.8952;-46.7151;-26.1904;-1.5187;22.1705;40.5550;50.7027;51.4212;43.3352;28.6889;10.9094;1
7,7234;6,1476;-37,8587;7,5046;18,8578;-4,3006;38,9123;-25,9370;-16,3616;-7,6868;4,0011;17,7818;-15,8644;-3,8391;-34,0989;31,7565;-3,6867;-10,9282;-6,6109;27,4688;-6,2946;20,0345;11,7250;0,6414;-3,8448;-14,0046;-5,7754;1,3806;14,7305;7,2374;22,3918;-7,3593;-8,5681;26,3597;7,6578;-40,9766;3,4638;-13,1373;-42,0293;37,6762;-4,8215;21,8090;-7,4773;32,6734;32,5588;5,0225;-13,0438;13,4348;-14,0690;-33,4419;-22,4404;-23,1735;-0,7028;-14,3104;-23,0188;-18,6923;1,6908;12,8513;12,1745;-13,9564;-11,4170;-18,6111;-14,3595;16,9267;3,2953;8,5275;-22,1270;-7,0440;23,5969;-26,0444;0
-2.0000;-13.8239;-18.4045;-13.9325;-0.1625;21.4919;48.1229;75.7317;99.8183;116.0741;121.0808;112.9135;91.5567;59.0671;19.4472;-21.7656;-58.1519;-83.2288;-91.3307;-78.4400;-42.8547;14.4012;89.4894;176.0179;265.6315;348.8760;416.2375;459.2391;471.4645;449.3832;392.8728;305.3711;193.6279;67.0794;-63.0907;-185.1002;-287.7986;-361.8384;-400.6563;-401.1502;-363.9781;-293.4463;-197.0021;-84.3941;33.4017;145.3634;241.5763;314.2274;358.3326;372.1194;357.0345;317.3876;259.6871;191.7587;121.7609;57.2200;4.2015;-33.2884;-53.6070;-57.4621;-47.5998;-28.2477;-4.3990;18.9590;37.5674;48.4700;50.3679;43.7129;30.5341;14.0312;1
6.0000;-5.6023;-10.3161;-6.3733;6.4600;26.7875;51.7444;77.3967;99.3263;113.3191;116.0587;105.7259;82.4108;48.2712;7.4031;-34.5744;-71.1769;-95.8768;-102.9899;-88.5092;-50.7768;9.1048;87.1845;176.9261;269.8059;356.1846;426.3589;471.6719;485.5502;464.3430;407.8569;319.5161;206.1195;77.2140;-55.8496;-181.0767;-287.0744;-364.2418;-405.7710;-408.3443;-372.4515;-302.2922;-205.2777;-91.1946;28.8731;143.7341;243.2586;319.3915;366.8999;383.7777;371.2720;333.5425;277.0081;209.4702;139.1270;73.6019;19.1022;-20.1939;-42.4593;-48.2223;-40.0704;-22.1059;0.7599;23.5753;42.0693;53.2319;55.6761;49.7414;37.3326;21.5250;1
-5.0000;-17.2814;-22.1222;-17.6897;-3.7245;18.3580;45.6270;74.0379;99.0216;116.1816;121.9998;114.4493;93.4227;60.9063;20.8650;-21.1606;-58.7034;-85.1877;-94.8170;-83.4145;-49.1057;7.2545;81.9755;168.7743;259.3540;344.2574;413.9048;459.6941;475.0337;456.1833;402.7958;318.0895;208.6216;83.6803;-45.6401;-167.5799;-270.9433;-346.2753;-386.8537;-389.3835;-354.3151;-285.7524;-190.9651;-79.5651;37.5566;149.4057;246.0382;319.5620;364.8741;380.0587;366.4102;328.0928;271.4896;204.3317;134.7196;70.1597;16.7330;-21.5095;-42.8601;-47.9511;-39.4516;-21.5190;0.9113;22.8955;40.2027;49.8932;50.6769;43.0117;28.9347;11.6589;1
-4,5061;-18,7830;-27,2734;15,5573;36,0997;-3,9669;1,3684;19,4307;6,3759;24,1017;-4,0155;27,1766;-20,7811;20,7186;22,4480;-3,0633;10,6601;3,3107;32,6811;-19,1719;-33,2708;19,6395;-27,4924;9,0960;18,4948;-23,6514;32,5103;-12,2000;-7,8013;18,2021;-9,2210;-10,1245;-1,1941;-1,3827;-16,5324;16,4646;13,9576;0,9161;33,4741;-18,4124;9,7694;18,6490;19,9970;26,6231;-29,4677;19,7930;-10,0645;8,1784;3,6480;33,4900;-31,1581;-9,8249;1,8396;21,0727;-26,6582;14,9138;38,3810;-1,9570;-3,3621;17,6998;-17,6569;-20,9474;-5,6131;-43,3874;-30,5048;14,6105;-9,2329;11,0336;-33,4920;-7,6591;0
9,5224;32,9922;-1,4212;-23,0491;-14,5224;5,7987;-15,4675;19,5310;13,9995;-14,7777;21,9454;-46,2224;-22,7453;9,7696;16,6276;18,1877;3,2958;12,1790;-12,7773;-10,6773;2,0618;6,8298;-3,9573;-24,7247;0,4515;5,9557;2,0729;18,3788;-0,1185;2,5233;-3,4609;-11,7748;7,7760;16,1000;-26,5063;-8,8358;36,0159;-8,1549;-21,2362;-5,5724;-11,9745;-32,2722;-22,8163;25,1551;-30,5159;31,9717;3,1616;-23,5769;-13,7638;13,2608;5,6895;49,8084;6,1161;-3,3343;-10,6277;8,2363;-4,0306;-39,4723;46,0920;-13,0042;1,8411;13,3041;9,1340;-24,1394;-29,2123;4,5090;-3,5904;-5,8651;6,8807;-13,4311;0
-19,5849;5,2893;-1,0074;-11,8936;12,6701;-8,0687;11,5908;31,8265;0,0596;21,0547;26,9228;23,5443;9,5047;28,4332;24,1821;11,0933;4,5687;-35,4441;-23,0702;5,0816;-15,1434;-8,2220;-13,6473;-17,5196;13,6964;23,8924;-5,7420;-13,0805;-11,5198;-0,2857;-22,6074;-2,0704;-4,1297;-23,2501;-21,7438;-0,0063;4,0969;-9,5120;-14,4384;3,0312;5,1814;3,5081;-15,5475;-1,5652;2,7980;4,6323;5,7315;2,2838;-11,4625;18,2639;-33,7393;20,2967;-25,1192;-6,9034;-1,3312;-6,2749;-10,3804;18,2523;-42,7378;-15,2888;24,8199;-4,0776;2,2692;14,0770;-23,9630;31,8433;-52,9213;12,2904;26,8696;-24,9616;0
9.0000;-3.2027;-8.4883;-4.9848;7.6296;28.0212;53.3544;79.6869;102.5527;117.6538;121.5598;112.3172;89.8739;56.2525;15.4341;-27.0435;-64.7326;-91.0915;-100.3683;-88.4375;-53.4794;3.5970;79.0500;166.5526;257.7712;343.2220;413.3084;459.4211;474.9705;456.2261;402.8562;318.0985;208.5311;83.4621;-45.9970;-168.0742;-271.5677;-347.0234;-387.7277;-390.4009;-355.5140;-287.1953;-192.7400;-81.7835;34.7648;145.9000;241.6789;314.2226;358.4555;372.5035;357.7153;318.3203;260.7736;192.8808;122.8143;58.1444;5.0020;-32.5299;-52.7335;-56.2556;-45.8046;-25.6017;-0.6670;23.9536;43.9162;56.1634;59.2898;53.6476;41.1840;25.0440;1
13,1767;-0,0640;24,7120;-33,0684;-53,3812;-9,3804;-16,7618;-7,5600;-18,1790;3,1199;33,2290;0,8101;10,9480;24,5048;28,0543;19,7468;15,0189;-6,8035;10,5610;-31,3286;13,4910;-18,9951;21,5515;-2,2887;-9,4810;26,8992;5,0233;11,3805;1,7782;9,3499;-26,0606;-15,3394;-17,5543;24,0193;0,5973;20,3826;-23,4911;2,9966;-19,5768;10,4891;-12,4004;-9,1041;-12,4690;20,7476;27,0322;13,6075;-11,6637;9,7872;0,3824;11,2685;0,0278;-22,8854;-1,7274;9,3594;-15,9111;-3,4653;10,4064;33,7414;12,0521;9,5207;41,3543;-6,6262;26,5953;5,5013;14,2044;-16,4350;-12,4177;-18,6269;-14,5306;-2,0556;0
3.0000;-6.9904;-9.5395;-3.1233;12.2097;34.7785;61.4659;88.1489;110.3053;123.7126;125.1405;112.9358;87.4113;50.9745;7.9642;-35.7955;-73.6776;-99.0916;-106.3738;-91.6155;-53.3166;7.2284;85.8722;175.9093;268.7002;354.5628;423.8328;467.9713;480.5878;458.2548;401.0120;312.4929;199.6497;72.1019;-58.8251;-181.2629;-284.0371;-357.8360;-396.1801;-396.0826;-358.3269;-287.3334;-190.6332;-78.0144;39.5583;151.1236;246.8676;319.1028;362.9751;376.8253;362.1775;323.3679;266.8722;200.4250;132.0439;69.0806;17.4145;-19.1212;-39.0199;-43.0682;-34.0199;-16.0344;6.0339;27.3937;44.0154;53.1795;53.8005;46.4923;33.3723;17.6403;1
9,8788;29,6028;-35,2295;-1,2158;27,7506;11,2226;-10,9738;22,1199;4,4163;29,3064;7,2075;-12,1925;10,5057;-26,7043;-10,7792;-5,6728;47,8112;-15,0846;-25,7686;-10,1238;-13,1408;15,4097;-21,2685;24,8917;-22,4088;26,2680;22,0797;-9,6439;3,2175;0,7727;7,6170;8,6481;17,7342;-7,8809;29,6173;-16,6260;-41,2954;-10,7057;1,1741;-1,4962;-17,2499;-18,6541;-18,9651;12,2145;-5,6872;-7,5506;-0,8539;-6,9901;-30,7271;-10,7373;13,0094;-27,2959;-14,1962;-2,9910;37,5234;41,8460;-20,6471;20,8447;21,7708;12,6007;10,0989;37,5375;21,9447;6,3926;-28,0745;34,5138;-19,7489;23,7191;21,7105;-18,4363;0
-9,1922;4,3771;3,1435;5,5100;17,5481;3,3962;4,7500;8,4109;-4,3061;-4,0055;7,9072;14,6559;-2,8092;-54,1309;2,0062;-1,6303;-9,9997;-45,7881;-47,4294;-43,0298;-8,6923;-9,2286;-12,9295;-36,7248;19,2809;20,1097;-35,3930;45,6696;33,8001;-20,7106;11,7432;-19,9371;14,2653;20,0205;-4,8736;17,3533;-6,5681;-4,4326;-1,2760;23,4599;-8,0669;-18,3199;-37,0306;13,7822;43,5630;14,7350;7,6957;5,0851;-17,9463;-0,4823;-20,4826;38,1565;16,3217;-11,8045;-0,8923;-12,5911;28,1588;-18,5148;13,7620;37,6458;-3,7338;-15,0161;-5,3006;-20,6227;-14,0470;-16,5292;-7,1723;-12,3254;11,6421;-2,0149;0
15,1798;-19,5151;-2,6779;15,5743;-15,8180;19,2305;-35,8422;15,1996;-13,8901;1,0204;-23,4960;8,2230;-4,0354;11,4824;21,4928;1,1859;5,7214;13,5747;17,2822;0,0999;32,3278;-16,7033;-30,5352;-2,3365;1,0570;-16,9986;-20,2191;20,4955;20,9900;7,0553;12,9827;-4,9293;21,7802;34,6709;-2,3977;-19,4432;37,1549;-16,1443;-4,0277;-14,5452;15,9461;-8,5561;18,2728;-4,7663;-23,7837;4,3084;-13,3625;-8,1475;-8,8734;11,8013;3,7326;45,6384;0,8823;17,3376;22,4435;-11,1804;40,1633;20,5637;-9,8139;-14,9586;8,0390;-7,0336;39,4147;-40,6578;-6,8353;19,8677;25,6255;-32,5989;-29,9099;-38,7621;0
29,6525;-10,6752;3,2573;-18,6994;16,7611;11,0115;-2,6988;45,5520;-33,3416;-7,5739;11,4364;22,2537;17,2877;-0,4466;-18,2071;12,3033;-5,1640;23,8942;-28,6631;-21,9906;-38,3634;8,2412;-3,5748;17,8572;7,2314;-24,9315;-8,4385;-2,7131;11,6212;8,3561;-32,0340;19,5200;-7,7772;-17,5095;27,2232;-6,7157;-28,9633;-0,9666;13,0374;-8,0168;27,6042;-24,2586;-12,9211;2,1492;9,8096;-1,1639;-35,1606;-5,6491;-9,8564;24,6192;-23,0333;8,7956;-2,2671;29,9383;-15,8298;-3,8507;-30,2818;6,7669;-9,1880;-34,4087;18,0844;32,2058;22,3638;-10,5778;3,2882;-1,8934;-5,2928;0,2145;-7,2985;-4,6845;0
-10,7487;18,5021;5,4722;29,2767;11,4201;36,4053;30,6262;6,1371;-15,8292;-23,0239;17,3187;-7,3637;22,3425;25,1134;1,7120;11,6877;-3,5976;-2,1600;21,4735;-24,5328;-1,0437;4,7722;36,9899;-15,3643;11,5220;-6,7598;-13,3727;-29,8076;18,7989;13,2328;0,6806;-21,9158;22,6069;37,6394;-23,2487;11,0035;-8,4250;-14,8946;0,6342;15,0710;21,0586;-8,3058;-17,8465;-15,6719;13,6247;-0,8225;5,8097;-32,7347;16,0980;12,3262;20,9025;24,6383;8,0271;7,1047;-13,6438;8,9039;-9,0438;13,5356;-13,3671;-1,1974;-21,4565;4,6544;0,7172;8,5086;-31,8559;29,8021;-13,5929;3,8204;-3,9273;-0,8649;0
-28,9210;9,8977;11,5258;0,8606;6,7620;-8,5334;26,5098;-13,8521;12,1651;26,3813;-6,0296;2,1305;-38,7801;-20,3773;15,2068;-13,1771;-22,1176;-26,9042;-34,8520;-52,5752;-6,2008;9,8652;9,4970;-15,3100;11,8780;-11,7964;-44,7518;7,2320;-37,1379;0,3370;-12,4577;23,5682;1,6627;-6,5779;20,8500;-11,0305;-2,7696;-24,4044;-15,1906;32,4336;-37,5808;-19,7625;13,2364;-21,1215;-14,7277;7,5157;-8,9452;13,3869;-1,8614;-49,0181;19,6703;14,0386;-18,6963;-17,6159;10,0411;5,9820;11,4429;-18,3322;-11,5232;5,1131;28,2718;11,8943;9,1280;-9,9342;-26,9335;17,7180;-21,6964;16,6161;8,9337;21,3322;0
8.0000;-3.3307;-7.9486;-4.0840;8.5245;28.5330;53.1482;78.5195;100.3124;114.3851;117.4710;107.7684;85.3460;52.3012;12.6323;-28.1675;-63.7553;-87.7457;-94.5801;-80.3452;-43.4309;15.0669;91.2620;178.7382;269.1381;353.0207;420.8947;464.3082;476.8655;455.0485;398.7372;311.3621;199.6598;73.0524;-57.2854;-179.5698;-282.6326;-357.0919;-396.3318;-397.1847;-360.2359;-289.7204;-193.0256;-79.8606;38.8091;151.9384;249.5541;323.7524;369.4324;384.6901;370.8391;332.0685;274.7928;206.7818;136.1845;70.5674;16.0833;-23.1341;-45.2868;-50.9152;-42.6027;-24.4370;-1.3087;21.8488;40.7747;52.4556;55.4854;50.1694;38.3662;23.0992;1
13,2238;25,9010;-18,1112;38,7711;-12,3932;9,5049;0,0020;15,7788;16,7711;-8,2914;3,7657;-38,2459;11,2672;-43,0604;22,0122;1,7379;-30,6898;-0,4860;-2,7877;-6,1834;7,6908;8,0362;40,8044;-7,7511;-34,9749;1,6890;-0,3266;30,0757;-3,8272;11,6150;13,8811;18,5761;40,4715;15,6141;1,1630;3,6955;-5,8699;6,9285;-12,9682;-16,0888;31,1789;6,1900;16,1626;-35,7471;14,0862;-0,8859;-21,2668;-4,7684;1,4341;-19,2070;5,8063;-17,3762;-13,7745;20,1276;10,6001;-3,0733;4,5215;-26,3893;-17,0985;-12,9738;-15,4271;45,6686;4,6341;-15,3852;17,8768;9,2548;2,8943;8,6557;-8,1477;-5,3996;0
-7.0000;-19.7589;-23.9245;-17.7313;-1.1310;24.1318;54.7200;86.1545;113.4575;131.8993;137.7448;128.8934;105.3156;69.2187;24.9046;-21.6733;-63.6076;-93.9074;-106.4332;-96.7757;-62.9629;-5.8945;70.5622;159.8415;253.2956;341.0941;413.3086;461.0544;477.5561;459.0068;405.1118;319.2484;208.2113;81.5684;-49.3062;-172.4140;-276.3950;-351.7283;-391.7332;-393.2567;-356.9709;-287.2486;-191.6355;-79.9846;36.6445;147.1903;241.7588;312.6248;354.9530;367.1662;350.9276;310.7540;253.3192;186.5439;118.5894;56.8820;7.2859;-26.4788;-43.1131;-43.6889;-31.2948;-10.4382;13.7073;36.0988;52.5587;60.3446;58.4848;47.8364;30.8684;11.2046;1
-12,2833;11,0055;-1,8132;14,6646;-4,0843;31,8975;-2,8789;-52,6246;-20,5868;38,0761;-20,6676;18,2519;14,9678;-38,6115;-4,3787;-5,2203;2,1875;12,9734;0,3874;11,8943;-23,6205;-13,4158;-20,2911;16,9041;28,8327;-1,5551;-13,8776;-0,4554;12,9382;0,9563;-5,2532;-21,6005;-30,3405;-31,3833;2,1840;10,5328;21,5719;1,9359;-23,9403;-14,8154;-3,3317;13,7490;19,4421;-8,2809;25,8614;9,7188;-18,6129;3,7135;16,1715;-11,8108;12,8044;12,1371;12,4434;-1,6263;-21,5337;-16,7034;-16,3827;2,9841;-5,8845;-0,0134;20,3866;-5,1813;-55,5152;18,5942;9,9219;1,4950;3,0902;-43,0793;7,3330;-8,7522;0
-16,9383;32,4037;-31,5038;8,7341;22,5811;-18,9805;-17,9741;-9,6580;44,5336;3,6582;24,8077;-8,7167;-7,3422;3,9290;-7,5963;-28,6445;-5,1714;0,5827;-20,9756;14,4455;42,8327;1,0413;4,1665;36,9063;-43,5236;9,5190;-24,3951;-7,7694;-11,5787;2,9369;-3,8391;9,2648;13,8697;6,7617;26,3976;8,4720;18,2049;-31,3089;31,9694;-5,6896;10,3386;-19,4425;-2,9761;8,9976;-13,1482;2,3717;-18,9359;-14,0516;15,7033;10,0381;-2,8597;-18,0562;-22,8564;-32,7989;11,3431;2,3386;31,0721;-20,6665;9,8145;34,3420;19,5940;-17,0945;8,2069;25,6008;-36,2197;10,2304;-3,6222;-19,4905;9,1704;-28,2823;0
-4.0000;-17.1250;-22.4155;-17.9539;-3.4656;19.5773;48.1229;77.9563;104.3117;122.5944;129.1130;121.7142;100.2278;66.6492;25.0232;-18.9693;-58.6776;-87.3236;-98.9147;-89.1091;-55.9190;-0.1519;74.4782;161.5989;252.7699;338.3576;408.5974;454.7190;470.0042;450.6453;396.2981;310.2557;199.2135;72.6451;-58.1457;-181.1934;-285.1259;-360.3663;-400.1419;-401.1878;-364.0633;-293.0502;-195.6447;-81.7077;37.6268;151.1563;248.7885;322.5601;367.3827;381.4387;366.1929;326.0307;267.5817;198.8181;128.0483;62.9292;9.6173;-27.8434;-47.8319;-51.1344;-40.6217;-20.6735;3.5591;26.9502;45.1431;55.1422;55.6774;47.2979;32.1899;13.7528;1
3,6129;-14,4695;-23,7541;-44,8010;-30,3479;-8,7690;24,5428;-1,7160;20,4065;-26,4754;-30,7157;5,2285;-8,3376;7,8271;2,6632;-39,7543;50,9130;1,6193;-6,4966;-24,0172;11,7372;-57,6154;18,2301;0,4875;12,6273;8,3237;-2,1763;-8,3648;-22,0764;-31,8955;21,7664;2,4511;19,1911;-9,2036;-25,2979;14,4634;-11,8036;20,9729;0,1774;47,3258;21,7256;23,7936;-17,4356;-2,5354;-1,2510;7,8736;-18,9476;4,6165;42,4341;-2,2770;-14,1604;-11,4285;20,9991;0,0118;-5,4103;-7,1542;-9,8018;-4,1422;-3,5332;2,4248;13,4439;-4,2626;-18,4029;5,1547;-23,6553;9,4021;-18,9377;2,0411;26,9833;7,7297;0
2.0000;-11.2477;-17.0430;-13.5134;-0.3931;20.8781;47.3214;74.8308;98.7764;114.7152;119.1086;109.9442;87.1675;52.8544;11.0880;-32.4563;-71.1762;-98.3778;-108.1798;-96.3676;-61.0842;-3.2603;73.2844;162.0955;254.6783;341.3728;412.4117;459.0414;474.5722;455.2298;400.7014;314.3049;202.7515;75.5211;-56.0832;-180.0987;-285.1534;-361.6620;-402.8302;-405.3547;-369.7400;-300.1975;-204.1429;-91.3531;27.1170;140.1310;237.6413;311.7021;357.2119;372.3098;358.3896;319.7456;262.9040;195.7328;126.4455;62.6229;10.3715;-26.2837;-45.7103;-48.6558;-37.9309;-17.8448;6.5230;30.1073;48.5919;58.9947;60.0282;52.1938;37.6042;19.5678;1
-1.0000;-13.6096;-18.2940;-13.3233;1.3887;24.2082;51.9724;80.4245;104.8358;120.7277;124.5940;114.5171;90.5870;55.0548;12.1866;-32.1750;-71.2979;-98.4121;-107.6236;-94.7694;-58.1015;1.2978;79.4344;169.6796;263.3877;350.7898;422.0665;468.4756;483.4001;463.1895;407.6905;320.3934;208.1720;80.6373;-50.8268;-174.2387;-278.2727;-353.4506;-393.1330;-394.2002;-357.3459;-286.9520;-190.5640;-78.0307;39.5895;151.2263;246.9609;319.0235;362.5157;375.7807;360.3941;320.7862;263.5577;196.5800;127.9991;65.2657;14.3107;-21.0409;-39.3548;-41.5509;-30.5646;-10.7663;12.7736;35.0690;51.9418;60.5904;59.9268;50.6466;35.0266;16.4892;1
-7.0000;-19.1020;-22.8740;-16.6399;-0.3861;24.1675;53.7646;84.0531;110.2120;127.6776;132.8686;123.8048;100.5276;65.2547;22.2350;-22.6898;-62.7707;-91.2043;-102.0452;-91.0629;-56.4272;0.8737;76.9477;165.2712;257.2998;343.3562;413.6957;459.6277;474.5585;454.8298;400.2479;314.2325;203.5605;77.7272;-52.0096;-173.7938;-276.4150;-350.4890;-389.4418;-390.1842;-353.4030;-283.4368;-187.7554;-76.1074;40.5638;151.3060;246.3104;317.8980;361.2322;374.6842;359.8201;321.0244;264.8203;198.9781;131.5285;69.8047;19.6286;-15.2640;-33.5003;-36.0277;-25.7731;-7.0632;15.1067;35.8495;51.1019;58.1825;56.1197;45.7118;29.3178;10.4163;1
-6.0000;-17.5758;-21.5035;-15.9986;-0.9026;22.2274;50.2977;79.1019;103.9362;120.3183;124.7114;115.1451;91.6442;56.3912;13.5919;-30.9546;-70.5350;-98.3710;-108.5326;-96.7983;-61.3458;-3.1770;73.7907;162.9918;255.8235;342.5350;413.3000;459.3475;474.0169;453.6083;397.9226;310.4183;197.9593;70.1719;-61.5177;-185.0630;-289.0589;-363.9439;-403.0044;-403.0691;-364.8134;-292.6432;-194.1735;-79.3667;40.5683;154.3859;251.9831;325.4155;369.6373;382.8889;366.6991;325.5156;266.0210;196.2279;124.4702;58.4179;4.2314;-34.0446;-54.7858;-58.7680;-48.8404;-29.3499;-5.4048;17.9158;36.2997;46.7848;48.1152;40.8278;27.0657;10.1532;1
34,9766;-31,8875;-13,2948;7,7342;-17,2173;-30,4112;11,9032;-7,6607;24,3648;16,0135;17,4556;12,0398;28,6448;-16,1911;-13,1913;-17,4560;12,0060;6,0832;-0,7314;9,2349;-18,2619;-24,1672;-1,5510;-20,0431;-34,0327;-13,0844;-9,3138;23,7623;-17,8312;-0,2197;14,6651;-28,7445;35,4616;-38,8707;-0,7750;-14,6055;-6,3305;9,4099;-4,2718;5,6241;24,4675;0,6538;16,8016;28,0299;-23,5429;-31,0780;-1,1085;9,8782;25,1090;-20,1079;-37,4065;-24,0826;-11,3750;3,0385;-2,3602;-25,4014;-2,8857;-6,7820;-3,3468;-15,2806;-7,4696;11,9250;-15,8497;18,7037;18,3497;12,3367;15,1739;21,4017;-2,8517;28,6608;0
-1,0334;-26,8448;14,7501;34,3639;21,4108;24,5842;1,4700;-1,8772;-6,2446;-29,7718;12,3263;13,0400;-41,7445;-12,6113;-7,3760;7,1209;25,2887;-48,1055;18,8093;5,1801;1,5734;17,9615;-10,7185;-12,3507;32,5747;-36,5100;16,5306;10,4729;14,4802;-5,1708;37,5613;10,8791;7,6638;22,5872;23,9936;15,5298;1,0239;-13,6638;-14,3856;-3,9981;19,0222;-24,1870;8,3437;6,1484;26,2678;9,3665;25,0028;-15,2007;-51,0283;17,7168;19,5133;17,0886;-15,2681;-5,1692;-5,9644;16,5958;-36,9961;-20,9392;-33,6011;25,2256;-26,1550;-0,5726;-20,6003;2,0843;-14,6651;4,9986;-3,9244;-16,0813;-38,9791;5,8352;0
31,4572;-3,4697;-3,6703;-31,1209;-13,0680;-0,1307;37,0315;-9,3124;-17,3498;-27,0473;4,4525;2,0928;8,8490;-7,4159;-0,4678;17,9180;-5,7870;-6,2360;-23,2124;28,4984;45,4509;5,8916;7,4772;-38,9606;-1,6494;-1,5640;12,9592;-13,2163;-1,8424;5,7154;-22,3757;-28,8870;-12,3644;14,1065;13,4237;-5,1188;-19,5999;-21,2879;-21,1557;-19,6642;-23,6071;-8,4390;5,5403;-28,4286;15,3044;32,5984;-56,5924;-16,4927;14,8011;13,8707;-13,5858;3,4305;31,9973;1,7803;55,9879;14,9827;7,2957;-1,3107;19,4466;-16,9472;6,0201;22,8416;2,6643;7,3137;-29,2975;-26,0416;10,4243;3,9079;-10,5891;-15,1377;0
-23,0632;-10,7516;-3,5774;10,7828;-29,4835;-10,5397;-2,8775;0,9314;3,1662;-13,6528;23,4370;-32,9759;9,4946;21,5549;2,6478;9,7875;13,9267;9,7555;-23,6390;12,3814;3,2927;9,2296;-18,2164;17,2804;-5,3080;-20,2959;7,0767;15,6480;-25,0548;-13,5509;-14,3457;-51,3941;16,2138;24,9564;0,4120;-4,3271;-2,6354;7,7132;17,3609;15,3760;20,6036;23,7076;5,8412;5,9085;41,3030;-1,5611;31,7604;-18,0456;2,3319;-19,5341;-4,0683;6,4567;-37,1939;-30,1753;-1,0158;13,4487;3,5142;11,0590;0,3308;-27,1375;12,9427;-12,0249;10,1109;-18,8517;-8,0213;19,2198;-5,6324;-2,7388;-11,5415;6,7593;0
-26,3427;-13,9081;-41,7763;17,8557;-26,7611;-16,2218;-11,7876;5,5030;2,9572;15,5500;-10,9443;1,2708;-21,3448;-3,1062;11,7380;6,5806;11,0926;-6,4999;5,5603;28,9481;-11,5635;-20,0196;16,3848;8,8964;-10,0724;-4,9035;23,8811;27,9099;-3,6383;-2,4815;-22,6240;12,4172;-28,1617;10,1388;22,3653;9,8573;-35,6352;-39,7120;-0,5498;-23,6360;-19,1894;1,2943;-14,4270;-32,3565;-40,5680;5,9546;-46,6488;18,8136;9,7494;14,4348;-18,0903;2,6195;-37,6526;12,7315;-17,4837;11,2967;37,0182;-9,5893;-20,7311;-17,8668;17,3218;28,1870;-9,2615;-4,9510;-8,5907;-10,4988;21,8639;19,2791;-12,5968;-5,0810;0
-29,1475;13,8283;4,0663;3,3302;-0,7978;-4,6273;0,4684;18,1779;3,1677;-10,7805;-19,4073;-33,1158;9,2194;18,0208;-16,8401;-8,6097;14,2001;23,5474;14,4651;-5,5660;-24,6295;2,1797;-0,6705;6,0305;34,4063;-27,1934;0,6440;19,2103;-5,5873;14,8614;-20,9914;-14,5781;-2,8104;-14,6473;-21,8191;3,9265;18,7639;-25,0575;11,1147;6,7075;-18,9886;-15,0258;5,2739;4,7416;-9,6435;8,5358;-15,8340;-7,9433;7,1915;-10,4300;27,9492;8,7573;26,3223;3,1286;1,5935;23,2398;-9,1472;-18,8407;-10,3655;28,8144;19,0284;13,2431;-2,5935;-10,9159;6,3864;15,1061;32,0177;-0,4064;4,3495;-36,7409;0
-2.0000;-14.5478;-19.2278;-14.2116;0.6790;23.8820;52.2746;81.6005;107.0892;124.1816;129.2592;120.2738;97.1815;62.1118;19.2376;-25.6521;-65.8304;-94.4829;-105.6243;-94.9627;-60.5975;-3.4499;72.6376;161.1631;253.5695;340.1303;411.0198;457.4433;472.6932;453.0039;398.0963;311.3409;199.5121;72.1533;-59.3804;-183.0950;-287.6155;-363.3853;-403.6694;-405.2500;-368.7330;-298.4368;-201.8756;-88.9043;29.3756;141.8194;238.4122;311.2793;355.4219;369.1019;353.8429;314.0604;256.3797;188.7343;119.3619;55.8240;4.1671;-31.6775;-50.1915;-52.2435;-40.7567;-20.1296;4.5036;28.0646;46.2680;56.2024;56.6833;48.3338;33.3920;15.2799;1
-6.0000;-17.3572;-20.1702;-12.8833;4.3547;29.6451;59.5651;89.6367;114.9780;131.0453;134.3631;123.1366;97.6535;60.4108;15.9352;-29.6915;-69.5516;-96.7704;-105.4448;-91.5016;-53.3710;7.6212;87.2034;178.4735;272.5538;359.5186;429.4916;473.7857;485.9495;462.5930;403.8890;313.6831;199.1908;70.3094;-61.3821;-183.8240;-285.7424;-357.8371;-393.7557;-390.7438;-349.8975;-275.9946;-176.9249;-62.7925;55.2059;165.9923;259.7692;329.0013;369.1071;378.7926;359.9974;317.4762;258.0777;189.8198;120.8801;58.6285;8.8180;-24.9740;-41.5954;-42.2439;-30.0921;-9.6764;13.8587;35.5513;51.3414;58.6199;56.5389;46.0466;29.6501;10.9473;1
-3,6417;-24,0600;-1,4863;13,4623;25,0549;16,8006;20,6035;-14,2066;30,9891;17,5843;5,6318;-35,8892;10,0833;-31,8695;12,6944;19,9431;21,0030;17,2506;-7,5505;3,0794;-33,7115;24,0927;-0,7262;6,8662;-21,0438;1,5921;10,3266;-8,2533;1,9610;14,2234;9,0952;4,6664;-16,4332;34,8668;36,8784;-28,0402;12,3491;-10,2354;-11,9365;-15,2748;-0,3277;-5,8258;-5,3375;9,1103;21,5681;-18,8580;0,6536;-4,4894;-2,3865;-6,5364;-10,6898;-0,0155;-27,2494;28,0679;18,3880;-22,7974;-13,1697;36,5251;-19,6804;26,1992;-15,3983;30,0032;17,4540;39,9461;-22,9959;4,0977;-20,6372;-13,6881;-1,6004;-26,7918;0
-4.0000;-15.0704;-18.4421;-12.3828;3.2350;26.8493;55.3857;84.6769;110.0688;127.1278;132.3527;123.7858;101.4328;67.4236;25.8793;-17.5102;-56.1536;-83.3920;-93.3965;-82.0121;-47.4371;9.3598;84.5495;171.7042;262.3960;347.0697;416.0942;460.8715;474.8715;454.4665;399.4603;313.2431;202.5434;76.7989;-52.7876;-174.4039;-276.8655;-350.7932;-389.5981;-390.1617;-353.1344;-282.8223;-186.6757;-74.4460;42.8932;154.3302;249.9704;322.0306;365.5634;378.8362;363.3331;323.3929;265.5387;197.5934;127.6921;63.3187;10.4805;-26.8843;-47.2023;-51.2429;-41.7968;-23.1112;-0.1688;22.0865;39.4697;49.1240;49.8662;42.2683;28.4710;11.7640;1
7.0000;-5.5207;-10.2556;-5.3319;9.4525;32.5354;60.7711;89.8640;114.9974;131.5705;135.9396;126.0576;101.9136;65.7044;21.6997;-24.1944;-65.1270;-94.1689;-105.2458;-94.0179;-58.5876;0.0639;77.9792;168.4958;262.8646;351.1567;423.3554;470.5095;485.8096;465.4572;409.2164;320.5768;206.4969;76.7522;-57.0454;-182.6483;-288.4585;-364.7511;-404.6982;-405.0753;-366.5704;-293.6654;-194.1039;-78.0119;43.2231;158.1853;256.6308;330.5213;374.7747;387.6571;370.7807;328.7234;268.3271;197.7724;125.5488;59.4484;5.7057;-31.6190;-50.9459;-53.1502;-41.2233;-19.6799;6.1983;31.1745;50.8122;62.0725;63.6781;56.1997;41.8637;24.1142;1
10,2270;4,9236;-1,3444;11,7985;-27,4773;0,1420;-1,7962;-13,6913;-5,6912;21,3951;24,6697;21,3964;17,0492;-12,0940;-17,1560;-38,6750;-17,6277;-5,1444;-3,5189;22,7876;-17,0316;6,8674;17,4405;11,8864;-41,0288;-9,0185;31,0678;-4,5591;7,8614;-57,3317;2,4997;-14,1539;-5,0712;-15,9776;8,2325;-26,9162;-8,5007;2,2236;24,7678;-6,9728;-33,2718;-10,9753;27,5250;-12,5586;-33,2795;-7,3271;-3,5220;-29,3385;7,2459;22,8329;17,7264;-9,1037;0,5881;5,1909;-8,3885;-8,0692;28,5444;36,1371;-16,1554;7,7036;19,2271;-47,5280;-25,5645;-33,3539;4,9534;7,0506;-12,1213;16,2046;21,2791;8,1178;0
-4.0000;-16.1109;-20.0316;-14.0367;1.9077;26.0703;55.1555;84.7536;109.9814;126.2254;129.8822;118.9897;93.6550;56.2093;11.0549;-35.7871;-77.3828;-106.7605;-117.8478;-106.3475;-70.4376;-11.1957;67.3197;158.3541;253.0905;341.5649;413.7641;460.7778;475.8691;455.3320;399.0302;310.5434;196.8974;67.9005;-64.8448;-189.1427;-293.4850;-368.2651;-406.7871;-405.9553;-366.5672;-293.1791;-193.5631;-77.8231;42.7259;156.7830;254.2486;327.2403;370.8251;383.3914;366.6317;325.1496;265.7540;196.5360;125.8470;61.3090;8.9725;-27.2776;-46.0084;-48.1958;-36.8726;-16.5303;7.6352;30.5267;47.8855;56.8693;56.3937;47.1981;31.6344;13.2164;1
-4,1420;27,8569;-29,9635;12,5828;-9,2844;-21,8123;4,9845;-26,8345;19,4079;16,2102;-21,8385;7,9500;-4,8574;9,0335;28,5585;6,8608;32,5468;-43,1269;-9,0016;-2,9174;-18,0532;11,7012;-13,8649;-18,4986;-29,3938;24,8657;-16,4688;-11,5092;-25,4114;14,2028;-45,9641;-36,2793;-64,2360;9,6030;-3,4405;16,5039;8,6133;-17,4836;-14,7088;-7,2929;2,4830;6,4880;-18,7711;22,9142;24,6342;21,9017;-30,6006;-3,3776;-3,2065;-1,9522;-27,8023;34,7142;22,8556;10,3431;18,9551;-18,7933;0,0044;1,9493;20,7553;-35,1815;10,6246;-33,6333;-17,2540;-6,1304;7,6336;9,8051;0,5713;25,3874;9,5023;-1,6431;0
8.0000;-3.1099;-6.8451;-1.5139;12.9781;35.0537;61.6509;88.6500;111.4829;125.8402;128.3760;117.3086;92.8247;57.2231;14.7631;-28.7743;-66.7658;-92.5874;-100.5118;-86.5462;-49.0976;10.6289;88.5619;178.0504;270.4836;356.1823;425.4628;469.7508;482.6126;460.5787;403.6555;315.4574;202.9344;75.7194;-54.8373;-176.8385;-279.0850;-352.2535;-389.8740;-388.9945;-350.4607;-278.7788;-181.5829;-68.7701;48.5929;159.4639;253.9826;324.4594;366.0887;377.3117;359.7990;318.0691;258.8005;189.9320;119.6674;55.5080;3.4295;-32.7020;-51.4152;-53.5978;-42.1611;-21.4641;3.4176;27.4702;46.4634;57.5161;59.4361;52.7939;39.7279;23.5191;1
-9.0000;-21.5870;-26.2049;-21.0360;-5.9110;17.6032;46.3831;76.1766;102.2207;119.9642;125.7948;117.6639;95.5181;61.4655;19.6443;-24.2042;-63.4117;-91.2291;-101.7378;-90.7079;-56.2882;0.5683;76.0110;163.5568;254.6951;339.7721;409.0562;453.8618;467.5972;446.6096;390.7202;303.3790;191.4118;64.3811;-66.3727;-188.9028;-291.9095;-365.9323;-404.3455;-404.0437;-365.7396;-293.8443;-195.9445;-81.9431;37.0366;149.8527;246.5147;319.1888;362.9274;376.0470;360.1239;319.6187;261.1915;192.7981;122.6870;58.4198;6.0364;-30.5420;-49.8069;-52.6332;-41.9444;-22.1319;1.6837;24.4442;41.8873;51.1259;50.9975;42.1428;26.8117;8.4305;1
4.0000;-10.1947;-16.8368;-13.9657;-1.2553;19.8838;46.4718;74.3769;98.9258;115.6229;120.8775;112.6321;90.7992;57.4353;16.6163;-25.9821;-63.7555;-90.0137;-98.8903;-86.2015;-50.1380;8.3071;85.2428;174.1435;266.4544;352.4770;422.4383;467.6189;481.4063;460.1444;403.6736;315.4866;202.4756;74.2894;-57.6315;-181.2348;-285.1206;-359.7435;-398.4185;-398.0143;-359.2558;-286.6047;-187.7338;-72.6597;47.3640;161.0621;258.3224;331.2148;374.7324;387.1778;370.1618;328.2267;268.1543;198.0508;126.3285;60.7105;7.3779;-29.6413;-48.7786;-50.9026;-38.9857;-17.5198;8.2320;33.0397;52.4569;63.4170;64.5990;56.5211;41.3564;22.5066;1
4,2232;-0,6316;20,2726;19,4276;-3,9363;-33,0464;-14,3559;-19,5643;10,6219;4,7987;-5,0311;6,4845;53,8699;-31,8828;7,4468;-3,6617;14,5169;27,5458;0,1617;0,8845;-15,1277;-4,4400;-10,2965;24,0466;-12,7639;-8,9001;-19,6717;0,2985;-8,9981;-10,6813;21,6931;-36,5243;17,6212;10,6833;-2,5425;-6,8899;6,6799;20,2777;-4,8706;-40,3815;-5,5882;14,5669;18,6596;-46,9117;38,9395;-17,1241;-19,7779;-13,5569;4,6249;-13,4107;44,7905;7,7121;11,9364;17,7994;2,8466;-7,7482;47,4520;-0,0377;4,0529;-8,6971;29,0633;8,9429;-11,2138;-13,5054;21,9178;-16,0247;42,7696;-33,6546;-0,9090;0,8416;0
-9.0000;-20.1484;-23.3730;-17.0073;-1.0135;22.9418;51.6765;80.9257;105.9589;122.2988;126.4398;116.4621;92.4503;56.6477;13.3127;-31.7172;-71.7076;-99.8772;-110.3077;-98.7995;-63.5558;-5.6011;71.1330;160.0797;252.6478;339.1111;409.6755;455.6043;470.2656;449.9759;394.5343;307.3755;195.3170;67.9199;-63.4678;-186.8810;-290.9889;-366.2853;-406.0830;-407.2004;-370.2627;-299.5855;-202.6601;-89.3012;29.4397;142.4682;239.8101;313.6116;358.8680;373.8035;359.8724;321.3934;264.8760;198.1306;129.2786;65.7859;13.6374;-23.2536;-43.3379;-47.4037;-38.2503;-20.1182;2.0347;23.3084;39.5802;48.0689;47.6749;39.0522;24.4139;7.1032;1
-8.0000;-17.1508;-18.3350;-10.1106;7.3637;32.2785;61.3825;90.4251;114.7728;130.1157;133.1640;122.2340;97.6335;61.7853;19.0566;-24.6944;-62.8087;-88.6707;-96.6013;-82.6863;-45.4271;13.8778;91.0815;179.4899;270.4913;354.4522;421.7785;464.0207;474.8923;451.0753;392.7150;303.5350;190.5522;63.4164;-66.5559;-187.5466;-288.4700;-360.1345;-396.2020;-393.8354;-353.9625;-281.1291;-182.9617;-69.3056;48.8588;160.5953;256.1509;327.9248;371.1634;384.3093;368.9761;329.5666;272.5925;205.7902;137.1459;73.9527;22.0127;-14.9246;-35.4300;-40.3491;-32.4656;-15.9334;4.4371;23.9344;38.6396;45.9623;44.9541;36.3591;22.4048;6.3705;1
-13,5402;-18,9917;31,3489;-37,1588;16,4710;43,6195;-9,4702;-8,0942;-7,4055;-5,7996;-3,2562;18,0500;10,1188;-10,9799;-4,1669;29,4459;-21,3874;-22,6458;16,0560;9,5458;-7,9066;4,1645;4,3529;4,9166;-12,9633;22,2029;5,1651;-4,8931;11,8059;-22,1296;-25,3782;-24,2519;-33,8112;-20,8395;-37,7340;-4,5128;16,6142;-14,4684;-14,6050;19,1065;3,8895;-4,7610;4,7273;-36,6055;-16,9508;34,3131;-19,8091;-30,2516;3,9763;-31,5114;-11,6434;-10,6423;-19,1755;7,6732;18,6683;2,2769;-2,1289;-23,7084;-18,8987;-11,6844;-21,4666;-0,5081;3,9894;-8,0479;20,4639;28,0530;28,7178;-34,4647;1,1451;-9,9870;0
0.0000;-13.2992;-19.1836;-15.6200;-2.1972;19.7544;47.3128;76.3688;102.2281;120.3303;126.9810;119.9930;99.1402;66.3513;25.6044;-17.4754;-56.2769;-84.0405;-94.7728;-84.1167;-50.0620;6.6041;82.1763;170.2718;262.4164;348.9182;419.9335;466.6005;482.1080;462.5670;407.5766;320.4098;207.7860;79.2504;-53.7774;-179.1789;-285.4069;-362.7033;-404.1280;-406.2808;-369.6346;-298.4446;-200.2459;-85.0021;35.9956;151.3481;250.7473;326.0176;371.8844;386.3909;370.9246;329.8649;269.9072;199.1558;126.1024;58.6196;3.0890;-36.2347;-57.5561;-61.5417;-51.0078;-30.3501;-4.8024;20.3707;40.6335;52.7918;55.3789;48.7694;35.0141;17.4288;1
-3.0000;-15.2667;-20.1504;-15.8916;-2.3137;19.0909;45.3358;72.3565;95.6114;110.7837;114.4863;104.8660;82.0164;48.1318;7.3684;-34.5824;-71.1643;-95.7903;-102.7384;-87.9912;-49.9079;10.3665;88.8221;178.8573;271.8883;358.2325;428.1689;473.0540;486.3599;464.5092;407.4012;318.5600;204.8780;75.9748;-56.7589;-181.3300;-286.3920;-362.4332;-402.7694;-404.2292;-367.4539;-296.7818;-199.7335;-86.1593;32.8474;146.1452;243.7106;317.6413;362.8891;377.6449;363.3441;324.3052;267.0589;199.4583;129.6874;65.2902;12.3385;-25.1675;-45.6005;-49.6900;-40.2031;-21.3825;1.7752;24.2953;41.9477;51.8202;52.6692;45.0058;30.9145;13.6391;1
22,8003;6,6713;4,0603;3,4199;17,2771;19,7139;-10,2323;15,5967;-13,7084;45,1228;-18,2065;-20,6787;12,4464;-9,8347;2,7471;-4,4566;17,6602;0,9088;-36,8430;27,5080;-18,4391;-9,6772;13,1623;48,6829;-1,5510;7,5432;-4,3053;2,6181;-20,9060;-13,2756;-11,6459;-24,3859;-1,0976;-32,5220;13,9210;-36,1055;-10,1193;21,8644;-3,1251;38,0498;17,7750;8,8764;6,3256;13,3350;21,5053;1,7936;1,0853;-53,4631;31,1539;40,1757;-9,2603;-45,3414;27,0758;34,7224;-34,0230;4,0215;8,0345;-11,6503;29,1298;-8,3672;1,5679;35,4272;-19,4938;-18,2849;-16,3188;5,1804;-19,6796;-25,3158;-12,4486;15,1099;0
9.0000;-1.6375;-5.2512;-0.1947;13.6330;34.7097;60.0677;85.7075;107.1900;120.3269;121.8704;110.1020;85.2315;49.5396;7.2319;-35.9885;-73.5882;-99.0293;-106.6530;-92.5064;-55.0011;4.6887;82.5543;172.0279;264.5897;350.6434;420.5645;465.8016;479.9000;459.3219;403.9634;317.2962;206.1113;79.8847;-50.1672;-172.2402;-275.1728;-349.6152;-389.0054;-390.2407;-353.9705;-284.4794;-189.1773;-77.7593;38.8654;149.7498;245.0543;317.0330;360.7520;374.4650;359.6167;320.4842;263.5162;196.4563;127.3685;63.6830;11.3787;-25.6033;-45.6562;-49.4887;-39.8122;-20.7877;2.6819;25.7122;44.1452;55.1095;57.3625;51.3723;39.1393;23.7885;1
-10.0000;-23.3130;-28.0027;-22.2918;-6.1423;18.6732;48.7787;79.6567;106.3019;123.9794;128.9788;119.2574;94.8752;58.1533;13.5187;-32.9537;-74.2578;-103.3429;-114.0634;-102.0665;-65.5014;-5.4479;74.0004;166.0253;261.7251;351.0405;423.8645;471.2066;486.2735;465.3344;408.2626;318.6820;203.6910;73.1907;-61.1137;-186.9269;-292.6550;-368.6288;-408.1188;-408.0268;-369.1766;-296.1732;-196.8509;-81.3783;38.8734;152.5651;249.5845;322.0647;365.1157;377.1911;360.0619;318.4123;259.1217;190.3292;120.4034;56.9457;5.9475;-28.8004;-45.9868;-46.7236;-34.1809;-12.9731;11.6097;34.4160;51.1798;59.1006;57.1819;46.2885;28.9223;8.7565;1
-10.0000;-19.3407;-20.9684;-13.3770;3.3450;27.4536;55.7484;84.0089;107.6095;122.2289;124.5540;112.8752;87.4838;50.8047;7.2347;-37.3080;-76.0747;-102.3374;-110.2938;-95.9106;-57.5916;3.4244;82.9982;174.3821;268.8467;356.5813;427.7674;473.7014;487.8363;466.6124;409.9769;321.5197;208.2045;79.7156;-52.5092;-176.4547;-280.7795;-356.0032;-395.4937;-396.1430;-358.6577;-287.4327;-190.0269;-76.3056;42.6484;155.7286;252.9635;326.5119;371.3844;385.8178;371.2710;332.0579;274.6741;206.9100;136.8670;71.9981;18.2892;-20.3248;-42.2489;-48.2006;-40.8859;-24.4372;-3.6987;16.5369;32.2341;40.6677;40.7523;33.1098;19.8729;4.2618;1
-7,0142;20,2005;-19,2936;-10,4721;-16,2615;11,0771;44,7016;-6,3218;-30,4140;5,7859;13,6509;1,3543;-2,4010;-4,0965;-22,6767;6,3914;10,7613;10,5126;19,3500;-14,1042;19,6581;18,8828;-1,1664;-13,6689;24,8351;26,7363;36,3846;2,4094;6,7965;-17,3570;17,0892;-21,7220;11,3555;6,8355;-32,8988;12,7138;17,1863;20,5010;24,3500;2,9395;-32,4092;37,7566;-18,5973;-4,6896;44,4480;-26,3027;-17,8884;-20,3847;5,3395;6,7593;5,5567;11,2385;-3,1666;-16,5869;-0,2723;-38,4845;-12,0802;40,2745;17,6782;16,9978;9,9909;1,3813;-1,1796;0,6444;-25,7326;9,1828;-22,9894;34,2650;-3,6943;16,1242;0
-3.0000;-14.7815;-19.5086;-15.3438;-1.9839;19.2335;45.4798;72.8244;96.8116;113.1448;118.3822;110.5423;89.5283;57.3039;17.7820;-23.5703;-60.3704;-86.1289;-95.1266;-83.2469;-48.6534;7.7855;82.3883;168.9005;259.0657;343.4725;412.5837;457.8302;472.6400;453.2762;399.3807;314.1499;204.1140;78.5364;-51.5044;-174.2494;-278.4842;-354.7149;-396.1625;-399.4618;-364.9875;-296.7718;-202.0264;-90.3274;27.4405;140.2564;238.1170;313.0417;359.8184;376.4116;363.9984;326.6404;270.6449;203.7026;133.9142;68.8280;14.6045;-24.5970;-46.9423;-52.9336;-45.1205;-27.5647;-5.1405;17.2279;35.2860;46.0292;48.0696;41.7444;28.9614;12.8097;1
2.0000;-8.6623;-11.6732;-5.4382;10.0382;33.0841;60.5529;88.2548;111.5685;126.1498;128.6377;117.2530;92.2030;55.8219;12.4177;-32.1695;-71.2506;-98.1328;-107.0207;-93.8588;-57.0017;2.3835;80.2449;169.9294;262.8005;349.1304;419.1650;464.2423;477.8300;456.3563;399.7308;311.4865;198.5159;70.4260;-61.4209;-185.0760;-289.2488;-364.4905;-404.1780;-405.1907;-368.2023;-297.5585;-200.7578;-87.5994;30.9001;143.6948;240.8647;314.6073;359.9578;375.1630;361.6781;323.8008;267.9996;202.0300;133.9515;71.1701;19.6212;-16.8140;-36.5960;-40.4993;-31.2870;-13.1475;9.0231;30.3858;46.8684;55.7216;55.8513;47.8884;33.9940;17.4353;1
-8.0000;-17.6122;-19.0853;-10.9517;6.6175;31.7613;61.1413;90.3921;114.7520;129.7862;132.1009;119.9462;93.6155;55.5773;10.3067;-36.1733;-76.9940;-105.3037;-115.1833;-102.4991;-65.5771;-5.6049;73.3028;164.3977;258.9297;347.0522;418.9010;465.7230;480.9209;460.8870;405.5226;318.3739;206.3609;79.1226;-51.9520;-174.8999;-278.4343;-353.1285;-392.3990;-393.1750;-356.1829;-285.8141;-189.5963;-77.3339;39.9807;151.3554;246.9509;319.0652;362.8430;376.6373;361.9937;323.2724;266.9686;200.8237;132.8427;70.3430;19.1464;-16.9899;-36.6462;-40.6961;-31.9682;-14.6723;6.3227;26.2532;41.1636;48.4501;47.1775;38.1307;23.6015;6.9486;1
-1.0000;-13.3132;-17.7192;-12.4819;2.4902;25.5652;53.5773;82.2620;106.8783;122.9340;126.9102;116.8810;92.9356;57.3334;14.3589;-30.1186;-69.3338;-96.4823;-105.6385;-92.6173;-55.6621;4.1354;82.7522;173.5115;267.7032;355.4831;426.9535;473.2986;487.8421;466.8970;410.3017;321.5712;207.6378;78.2013;-55.2412;-180.5788;-286.3526;-362.9585;-403.6503;-405.2312;-368.3543;-297.4026;-199.9637;-85.9664;33.4204;146.9949;244.6985;318.6254;363.7557;378.3371;363.8815;324.7915;267.6759;200.4467;131.3168;67.8216;15.9849;-20.2766;-39.4468;-42.3798;-31.9658;-12.5523;10.7925;33.0665;50.0629;58.9437;58.5833;49.6426;34.3707;16.1712;1
-10,5338;-3,7427;3,2960;-11,5104;-24,4659;-2,9779;-10,7173;3,5236;7,9563;62,7929;14,0413;-40,7343;20,0141;27,9312;21,0990;29,1731;-47,3484;1,8290;-4,4363;32,1751;28,9781;8,1458;-11,9506;11,2712;16,3721;-0,7171;14,9635;-14,1073;12,6090;14,8655;8,4023;-7,5005;6,0342;17,5412;8,2583;7,0136;-34,2910;-2,5998;-13,0905;-11,4944;5,3399;31,3536;2,8583;-17,0800;-0,3396;15,6869;-16,0320;-28,8003;-16,0311;-8,8136;24,5357;-3,2631;14,7046;57,9654;-25,5824;38,9497;7,5593;-18,1586;23,9239;7,3569;5,1735;8,4879;3,9310;-70,6566;9,8493;-11,1450;-0,0150;8,2210;-3,9747;8,9325;0
1.0000;-12.5536;-18.6982;-15.3937;-2.2265;19.4718;46.7763;75.5741;101.1686;118.9987;125.3717;118.1048;96.9781;63.9269;22.9363;-20.3641;-59.3601;-87.2925;-98.1709;-87.6434;-53.7058;2.8492;78.3134;166.3048;258.3551;344.7839;415.7639;462.4538;478.0647;458.7289;404.0632;317.3511;205.3131;77.4840;-54.7388;-179.2714;-284.6106;-361.0492;-401.7012;-403.2184;-366.1193;-294.6935;-196.4959;-81.4928;39.0399;153.7356;252.3334;326.7160;371.6733;385.3133;369.0839;327.4150;267.0390;196.0803;123.0337;55.7580;0.6060;-38.2073;-58.9337;-62.2894;-51.1381;-29.9174;-3.8938;21.6460;42.1558;54.4419;57.0466;50.3606;36.4548;18.6659;1
2,1580;18,2195;-43,7568;3,7508;0,3436;-8,4322;-28,9811;19,8732;23,6043;26,4745;-4,2907;-33,6567;-4,3992;-4,5633;-3,2973;6,8717;-30,2785;4,7124;18,3236;-26,0502;20,8705;-22,9136;-40,2687;-13,2974;6,9972;28,6054;-4,0443;-8,4447;-3,6326;-29,7365;-7,5654;-0,2661;-34,7122;-9,7411;39,2714;29,9120;-11,0815;-0,8771;-16,0089;17,2261;20,5572;-6,7098;-25,7207;17,7886;-2,0051;51,5274;-26,8002;21,8838;-5,1990;17,6439;12,2360;4,2161;7,2066;33,4032;-26,3179;22,7045;11,0440;-8,2478;9,8487;-34,9798;-9,2256;-23,3205;-24,6942;1,5877;18,0951;-18,6433;9,8228;20,4303;-4,4609;10,7311;0
7,4811;0,3443;30,8731;-21,1829;-21,5915;-17,6796;2,3268;26,3446;-1,2612;5,5847;12,3937;-0,2566;9,8735;-17,4656;7,8996;-36,8889;-8,4526;5,7691;-16,9091;-0,2315;-3,9808;14,4360;-15,3605;20,0167;5,8626;-2,6280;-3,2072;13,5783;-15,2118;-13,6852;9,2934;-26,6826;-4,4461;2,1664;27,3722;8,3471;-25,3342;-8,3115;-2,2172;-22,0264;-7,3887;-5,6554;-18,2764;12,3096;-3,4337;-4,2816;52,1663;23,9809;-4,9685;-18,5163;-3,1089;-5,0270;7,9872;-1,5897;29,2211;46,7435;1,8473;21,4500;12,2903;-9,9092;-1,5638;37,8893;1,8428;30,7469;13,2356;-3,9700;13,1014;-34,2162;-17,3030;-17,8480;0
3.0000;-9.8649;-15.6965;-12.6223;-0.3006;19.9734;45.4166;72.1452;95.7485;111.9693;117.3939;110.0535;89.8445;58.7013;20.4847;-19.4115;-54.6954;-78.9789;-86.6466;-73.6797;-38.3238;18.4936;93.0625;179.1328;268.4863;351.7807;419.5721;463.4010;476.8100;456.1711;401.2186;315.2162;204.7294;79.0227;-50.8584;-173.2172;-276.9238;-352.5812;-393.5084;-396.4290;-361.7870;-293.6566;-199.2606;-88.1532;28.8326;140.7519;237.6934;311.7753;357.8797;374.0522;361.5295;324.4055;268.9902;202.9480;134.3275;70.6047;17.8548;-19.8527;-40.7705;-45.4780;-36.5868;-18.2028;4.7749;27.4151;45.4722;55.9625;57.5268;50.5357;36.9317;19.8385;1
-24,8627;12,4707;-12,5262;12,1525;2,3521;-13,1239;1,4043;19,1264;23,6757;2,2078;33,2795;24,4272;23,1917;-17,6796;9,1524;-4,7653;4,2391;1,1235;-6,4950;-20,3627;-43,1308;20,8365;-3,0081;6,3908;27,0917;-21,1809;35,0565;-19,8876;-9,4000;-16,5750;10,4201;-7,7268;-27,4499;1,4815;-14,7740;5,0526;1,6780;-13,1879;29,3064;-7,3806;-24,8992;11,9669;-9,8034;5,1573;2,1945;-14,3923;15,0235;15,1363;-22,1430;-1,4108;51,3885;6,0821;-30,2901;-56,9644;-34,5963;1,1203;37,9174;3,2464;-22,0451;12,9440;-8,5105;-34,0137;-7,1826;10,8227;-34,7629;4,8768;-11,5611;1,8640;7,1899;23,4150;0
-7.0000;-19.3246;-23.4038;-17.5380;-1.6957;22.4170;51.5575;81.3908;107.1204;124.2166;129.1422;119.9692;96.7947;61.8888;19.5413;-24.3848;-63.1465;-89.9785;-99.0087;-86.1121;-49.5909;9.4174;86.8681;176.0957;268.4409;354.1513;423.4581;467.7037;480.3847;457.9859;400.4978;311.5503;198.1380;69.9604;-61.5525;-184.4212;-287.3728;-361.0279;-398.8830;-397.9794;-359.1801;-287.0290;-189.2099;-75.6733;42.4663;154.1324;249.4485;320.7291;363.1905;375.3082;358.7909;318.1887;260.1953;192.7395;123.9840;61.3562;10.7283;-24.1588;-41.9694;-43.7218;-32.4377;-12.5499;10.8398;32.7491;49.0379;56.9713;55.5491;45.5639;29.3877;10.5248;1
-14,2194;-4,8854;-4,9699;24,7912;12,8752;-12,7050;-5,4650;9,8302;-7,1327;-27,7349;2,1722;-21,6314;-49,2650;10,1499;2,3007;42,3579;-8,6772;-19,4633;-18,5851;53,5134;-15,5532;0,9343;-7,6252;12,3343;8,2478;6,9034;-17,0066;42,8268;-4,0136;10,0134;-7,5049;-5,4462;-7,6739;-38,3213;-4,0903;-6,2262;-2,0216;24,0285;-7,4243;-3,8193;-4,7281;2,7389;9,0665;3,0473;-20,1356;18,1187;1,0978;17,3457;-0,2723;19,0146;12,0517;20,2888;17,9329;-28,3758;-25,7173;-6,1609;23,8850;-7,9483;35,0041;19,7471;-8,1616;16,6954;-5,5214;6,9936;27,3470;-8,5602;20,5943;-13,0062;14,6612;-22,8610;0
-10,2604;-12,3288;-1,9379;-8,7272;-23,4475;-3,5738;-24,0207;-16,4536;25,6280;-0,5017;30,8756;-14,2523;-18,4275;-32,5298;-5,0465;21,2834;-36,6732;16,3562;7,0992;35,8333;2,4187;-3,6727;-2,3300;-19,3971;-12,7931;-18,9922;-12,6808;9,1556;7,8720;8,3540;-7,2344;-14,5334;-14,9172;1,0919;-11,7912;2,4383;-23,9041;3,2527;10,4548;18,1703;15,4323;-1,1081;-6,5490;-21,2535;-4,3707;-1,8991;12,0646;-32,9536;7,5424;-10,9810;-0,1134;30,8874;21,0181;11,8883;7,1921;-7,6281;13,0439;12,1066;54,0459;19,0811;6,7943;7,5818;25,4894;7,4125;30,8838;12,2967;9,7110;5,5673;-8,7644;-10,2608;0
18,1512;7,0983;-3,3972;-14,8486;-12,3400;4,9018;-43,2749;1,4872;-35,5571;-12,8093;-22,7955;16,2283;2,1660;4,0409;16,8599;-32,0685;-17,4467;-8,0778;-35,4950;0,8079;22,6884;-32,3871;-20,3988;32,1781;23,1435;26,7663;1,1737;16,2345;-0,7084;-9,9294;32,7618;20,6771;-53,3184;-1,6098;3,4692;-18,5567;19,7603;-9,6120;31,7762;-21,1726;42,8485;-6,3257;-3,1518;27,0601;9,2457;-15,0855;55,3061;-28,5720;2,8480;-5,4177;17,7353;-31,2949;-16,0227;1,8155;22,7228;-28,2020;-0,4483;-4,2400;-9,4449;-4,9920;-4,6408;29,9884;-10,9120;18,1913;0,2762;-19,4276;5,8458;-2,7737;11,1870;10,7275;0
-9.0000;-21.5967;-26.0084;-20.4601;-4.8370;19.2335;48.5674;78.8578;105.2984;123.3104;129.2720;121.1452;98.9050;64.7036;22.7340;-21.2028;-60.3802;-87.9989;-98.1042;-86.4484;-51.1845;6.7080;83.3306;172.1339;264.5278;350.7720;421.0482;466.5909;480.7422;459.8016;403.5657;315.4846;202.4092;73.9504;-58.4833;-182.8618;-287.7925;-363.7187;-403.9210;-405.2079;-368.2189;-297.3078;-200.0224;-86.2462;32.8970;146.2463;243.7754;317.6003;362.7113;377.3548;363.0314;324.1247;267.2190;200.1995;131.2516;67.8852;16.1018;-20.2003;-39.5186;-42.7163;-32.6880;-13.7803;8.9447;30.4967;46.6877;54.7053;53.4577;43.6467;27.5697;8.6836;1
8.0000;-4.7691;-10.9086;-8.5037;2.8671;22.0156;46.2798;71.8962;94.5587;110.0868;115.1073;107.6512;87.5764;56.7460;18.9283;-20.5835;-55.5916;-79.7816;-87.5808;-74.9750;-40.1745;15.9651;89.8333;175.2949;264.2477;347.4502;415.5321;460.0677;474.5889;455.4116;402.1733;318.0103;209.3436;85.2918;-43.2305;-164.6286;-267.8346;-343.4678;-384.8168;-388.5329;-354.9557;-288.0368;-194.8717;-84.8993;31.1385;142.3535;238.8523;312.7317;358.8191;375.0814;362.6651;325.5766;270.0544;203.7178;134.6047;70.2166;16.6878;-21.8264;-43.4783;-48.7451;-40.1488;-21.7307;1.6393;25.0191;44.1109;55.8428;58.7408;53.0469;40.5759;24.3399;1
-9.0000;-20.4540;-24.2548;-18.6854;-3.6162;19.4085;47.3456;76.0686;100.9684;117.6567;122.6727;114.0908;91.9387;58.3558;17.4609;-25.0696;-62.6681;-88.7076;-97.3974;-84.6265;-48.6407;9.5401;86.0332;174.3551;266.0215;351.4213;420.8707;465.7249;479.4175;458.2984;402.1677;314.4342;201.8697;73.9814;-57.9335;-181.9470;-286.7428;-362.8018;-403.3967;-405.2819;-369.0029;-298.7915;-202.0626;-88.5748;30.6464;144.4958;242.9491;318.0662;364.7271;381.0238;368.2751;330.6765;274.6410;207.9200;138.6213;74.2442;20.8508;-17.5333;-39.2246;-44.8704;-37.1385;-20.1629;1.1683;21.9812;38.1328;46.7801;46.7281;38.5163;24.2390;7.1332;1
8.0000;-1.9811;-5.3422;-0.4480;12.8500;33.1281;57.5559;82.2912;103.0535;115.7937;117.3669;106.1081;82.2237;47.9340;7.3334;-34.0257;-69.7835;-93.5803;-99.9218;-84.9891;-47.2852;11.9755;88.7959;176.6686;267.1739;350.8425;418.1905;460.8060;472.3600;449.4180;391.9510;303.4772;190.8084;63.4225;-67.4731;-190.0851;-293.2574;-367.6353;-406.6397;-407.1410;-369.7577;-298.7479;-201.5089;-87.7472;31.5851;145.4612;243.9258;319.0855;365.8361;382.2529;369.6096;332.0373;275.8790;208.8268;138.9545;73.7656;19.3710;-20.1085;-42.8548;-49.3545;-42.1068;-25.0914;-3.0781;19.1210;37.3540;48.6913;51.7755;46.9191;35.9445;21.7978;1
0.0000;-10.2861;-12.6457;-5.5917;10.7574;34.6252;62.7836;90.9939;114.6224;129.3481;131.8610;120.4506;95.3953;59.0903;15.8806;-28.3890;-67.0609;-93.5078;-102.0268;-88.6688;-51.8934;7.0461;84.0454;172.4450;263.6556;348.0493;416.0186;459.0816;470.9004;448.0916;390.7248;302.4442;190.1908;63.5478;-66.2186;-187.3202;-288.6772;-361.0791;-398.1454;-396.9759;-358.4192;-286.9326;-190.0503;-77.5295;39.7285;150.8517;246.1326;317.9957;361.6920;375.6488;361.4474;323.4443;268.0948;203.0732;136.3011;75.0081;24.9360;-10.2203;-29.0800;-32.5297;-23.3873;-5.8332;15.3030;35.2981;50.2287;57.5084;56.2006;47.0694;32.3708;15.4193;1
-5.0000;-17.4668;-21.7366;-16.0814;-0.4388;23.5144;52.5573;82.3646;108.1340;125.3129;130.3240;121.1851;97.9297;62.7619;19.9107;-24.8084;-64.6790;-92.9358;-103.6761;-92.7140;-58.2617;-1.3439;74.1219;161.6029;252.5654;337.3661;406.3181;450.8115;464.3517;443.3922;387.8546;301.2680;190.5020;65.1178;-63.5957;-183.7923;-284.3152;-355.8761;-392.0335;-389.8596;-350.2183;-277.6282;-179.7270;-66.4054;51.2890;162.3466;256.9523;327.4730;369.1657;380.5348;363.3075;322.0438;263.4423;195.4341;126.1842;63.1238;12.1314;-23.0449;-41.0614;-42.9307;-31.6727;-11.7246;11.8011;33.9035;50.4185;58.5831;57.3684;47.5410;31.4530;12.5977;1
-24,9833;-2,2034;6,5505;6,7155;22,1222;-2,3385;-2,9453;10,0083;14,2449;1,3492;11,1878;-2,8423;17,4151;-3,9533;12,3549;23,5179;28,5416;-6,7974;10,1282;-5,1606;4,1914;-8,1877;-15,7386;-4,4750;3,9987;47,4181;6,8880;-3,5646;-33,4039;8,8652;-27,5224;-20,5121;-24,8942;15,4372;8,2864;-9,8548;12,0166;19,7232;-8,6706;-12,5177;17,3627;27,4864;14,0093;-0,8283;-28,6445;-12,5890;-22,6715;-24,4189;2,9950;-1,1626;-8,9825;4,4078;-7,8690;8,0563;13,9435;28,1904;0,1873;-5,0927;5,0159;-11,0656;-10,2896;-14,0496;-8,5483;-16,7615;6,9173;12,8507;19,7290;17,0687;-12,0826;41,5723;0
-3.0000;-13.5878;-16.5741;-10.2584;5.4622;29.0077;57.2925;86.1454;110.9151;127.1800;131.4594;121.8265;98.3280;63.1444;20.4548;-23.9881;-63.5298;-91.4529;-101.8806;-90.6258;-55.8755;1.3893;77.3012;165.3704;257.0862;342.7957;412.7639;458.2917;472.7605;452.4761;397.2058;310.3381;198.6370;71.6118;-59.4322;-182.5574;-286.4415;-361.5674;-401.2206;-402.1810;-365.0313;-294.0497;-196.7027;-82.7996;36.5898;150.3286;248.3784;322.8058;368.5194;383.6609;369.6163;330.6608;273.2927;205.3474;135.0082;69.8351;15.9319;-22.6561;-44.2473;-49.5109;-41.1525;-23.3550;-1.0599;20.8063;38.0533;47.8006;48.8268;41.6558;28.3757;12.2230;1
-45,5992;3,5018;-0,2080;-16,2853;-15,9386;-9,0154;-1,4934;13,7304;-26,7777;38,7521;-12,6985;-10,4490;10,4544;-9,8257;7,7858;19,1315;1,4547;-28,0384;19,7673;-23,3949;-7,4563;-10,1537;-41,8703;28,7535;7,7731;39,0887;34,0697;-31,6517;-24,2103;3,2036;-3,9807;-8,4593;4,3161;3,6552;-7,9795;-28,7750;22,3333;12,5135;7,3131;-0,3040;-27,4686;-0,8645;-12,4305;8,5377;-2,3254;-1,5492;5,8527;25,8870;0,2069;27,1697;10,9262;16,5232;39,9263;11,8901;7,0381;-21,2318;20,0840;-10,5068;-10,3031;-5,3158;-11,6520;-6,0328;-17,1858;-10,8531;25,4226;-25,0458;18,7897;9,8620;9,5989;-14,5357;0
2,5242;-11,5749;-8,7930;-16,5638;-0,9193;-29,2552;-15,7373;2,9088;12,8536;-10,7269;23,4437;4,0275;-15,0241;27,2403;-12,8743;-26,2257;-15,6518;7,3820;-10,0605;-19,9236;-14,1955;-31,4382;-18,2329;5,2459;22,5493;0,1989;3,6674;17,3420;27,5335;-40,2757;-2,4033;-16,5112;-12,2342;-2,2565;24,0846;3,8882;-30,5785;-3,2746;-8,7735;48,1446;22,0083;38,3888;-15,3639;-3,4684;-1,1517;24,8748;-3,4100;-13,8862;-3,6508;29,7285;-48,2939;20,0857;-40,5126;19,6514;-12,3883;-14,9349;-29,7258;43,4813;25,7193;4,0809;42,8464;-8,1865;3,3041;36,4416;13,8144;-28,6157;11,7979;25,0550;-20,1689;9,3256;0
7,4133;-35,1416;4,3651;-20,5334;-27,1632;32,1319;-8,7050;6,5592;-24,2436;-24,2932;-6,1379;0,3191;-18,5443;4,1785;38,8490;-19,5177;1,5887;-26,6987;5,3971;26,5497;10,4196;18,4993;16,3388;-3,6626;-45,2147;2,8655;9,0459;1,0447;-15,2958;-16,1032;-15,0867;3,3742;35,2463;-15,9046;2,4655;5,7481;-22,5437;-1,8721;14,4973;-11,5589;-22,9514;-26,8910;5,9260;25,6643;-8,1494;-10,6605;22,4152;2,2202;-30,4885;-2,7901;6,7847;-13,4729;22,5654;16,9140;-20,7764;-19,0645;-34,7666;1,8598;5,2911;-14,5531;2,8960;27,7827;-20,7040;-8,1615;12,6351;13,3762;-19,6326;-42,6459;1,0572;-23,3122;0
4.0000;-11.0563;-18.4611;-16.1671;-3.7759;17.3488;44.2409;72.7450;98.1267;115.7975;122.0500;114.6994;93.5342;60.5048;19.6116;-23.5047;-62.2288;-89.8134;-100.2939;-89.3574;-55.0478;1.7902;77.3995;165.3592;257.1782;343.1744;413.5417;459.4826;474.2704;454.1122;398.7042;311.4040;198.9932;71.0460;-61.0275;-185.1590;-289.8883;-365.5738;-405.4100;-406.1340;-368.3441;-296.3935;-197.8762;-82.7666;37.6835;152.1634;250.4932;324.6533;369.5366;383.3473;367.6100;326.8025;267.6681;198.3027;127.1336;61.9180;8.8830;-27.8957;-46.8088;-48.6980;-36.5277;-14.8018;11.1867;36.1654;55.6409;66.5036;67.4026;58.8464;43.0235;23.3769;1
5.0000;-9.6325;-17.0303;-15.1296;-3.4594;16.7361;42.6412;70.2621;95.0162;112.4363;118.8895;112.2080;92.1356;60.5208;21.2159;-20.3154;-57.6429;-84.1900;-94.1283;-83.2291;-49.5588;6.0814;80.0386;166.0454;255.7964;339.8061;408.4538;453.0961;467.1128;446.7597;391.7201;305.2824;194.1124;67.6389;-62.8844;-185.5372;-288.9804;-363.6544;-402.7872;-403.1015;-365.1379;-293.1603;-194.6571;-79.4986;41.1499;156.0310;254.9773;329.9358;375.7243;390.4390;375.4781;335.1915;276.2119;206.5572;134.6229;68.1872;13.5506;-25.0910;-45.9746;-49.7716;-39.2799;-18.8595;6.3000;30.9769;50.6698;62.2034;64.1116;56.7525;42.1478;23.5784;1
-5.0000;-16.1909;-19.1477;-12.1989;4.6398;29.5961;59.3446;89.4583;115.0489;131.5079;135.2436;124.3097;98.8297;61.1488;15.6807;-31.5454;-73.5898;-103.4744;-115.1171;-104.2047;-68.8912;-10.2199;67.7938;158.4458;252.9726;341.4616;413.9427;461.5342;477.5073;458.1401;403.2535;316.3592;204.3925;77.0546;-54.1664;-177.1878;-280.6028;-354.8845;-393.3875;-393.0324;-354.5957;-282.5775;-184.6630;-70.8462;47.6811;159.7429;255.3557;326.7341;369.0149;380.6248;363.2607;321.4994;262.0967;193.0712;122.6928;58.5014;6.4749;-29.5575;-48.1971;-50.4288;-39.2710;-19.1801;4.6981;27.3247;44.4994;53.4313;53.0746;44.1898;29.1305;11.3931;1
5,5102;32,1961;-4,2854;0,2443;9,3552;-36,8244;-24,4964;1,2408;-3,8853;-13,4913;-12,6332;-25,5742;1,7091;-15,7373;10,5478;1,1050;9,3239;19,3902;28,3127;-1,1685;-37,6500;40,4092;0,3506;-4,7253;-6,9805;18,6555;33,2305;5,2946;-13,4863;5,7595;-3,8784;-21,2045;-7,8370;-2,3843;-24,7991;-0,8212;29,4330;5,4414;-24,9052;15,3009;18,7373;32,2760;-26,9135;-12,4989;-22,3185;-55,8823;-24,1761;-12,4586;9,4057;16,2806;-14,7215;24,6237;-3,6685;37,6287;-22,1804;13,2988;-2,3966;-4,6428;-8,0640;-27,9266;20,1088;14,7670;2,1323;15,6894;-11,8747;-28,1926;-35,5749;13,2103;20,7336;9,7371;0
-0,4760;-15,5256;-31,5552;-21,7906;-20,6221;17,8740;3,0568;45,1030;24,6830;47,4456;-10,6054;40,7854;-13,6953;-17,6746;-8,5885;31,0679;6,0528;9,3543;17,9410;11,6069;-18,6309;16,0045;-20,2277;4,6353;11,3657;27,9755;17,3978;19,1379;8,3661;-36,3983;19,9111;-35,0321;35,0901;24,1600;9,5337;2,3049;-4,0029;3,2230;0,7047;-15,8896;-18,5580;-6,1448;-20,1834;-3,3963;-4,4799;8,8653;11,4845;-17,1549;-1,6209;-5,9410;24,6678;12,2795;-0,7645;9,2397;-13,6699;32,2483;2,3783;5,0302;19,5259;-21,9767;-31,5511;-5,2289;29,5650;-38,1136;-6,7069;-19,7590;15,7125;-24,5630;-16,3501;-17,3795;0
0,9385;-0,1822;14,0242;34,0575;13,7756;6,1840;42,8684;23,2055;0,3208;17,7283;2,3790;0,8654;5,6785;10,2092;5,1484;-25,4879;-13,4199;24,7517;-38,2322;35,0020;-26,1221;0,6301;7,4526;-3,8204;-6,2544;-13,7519;-14,1068;0,3914;-10,4513;-16,0898;11,7218;-1,0546;19,3085;-5,5893;-30,8053;-0,8591;1,0502;21,8486;8,6095;-22,9457;-19,2250;-1,8815;18,6473;-35,4620;1,9706;-3,4809;16,4228;-16,7407;-29,5176;15,1242;1,4296;-1,0991;12,9348;-34,8378;17,5048;4,0051;-41,8669;22,0110;-12,6893;0,6743;28,7335;-7,7695;25,0512;23,4093;8,8437;0,6837;16,4744;18,3993;-29,9184;-11,3630;0
4.0000;-7.5768;-11.6513;-6.5412;7.8366;29.8876;56.5254;83.5972;106.4939;120.8591;123.2978;111.9819;87.0610;50.8105;7.4858;-37.1135;-76.3227;-103.4550;-112.7036;-99.9862;-63.6188;-4.7238;72.6932;162.0218;254.6617;340.9116;411.0340;456.3747;470.4012;449.5373;393.6859;306.3735;194.4873;67.6309;-62.8372;-184.9735;-287.4988;-360.9838;-398.8371;-397.9835;-359.1559;-286.7720;-188.4109;-73.9558;45.4966;158.8320;256.0810;329.4180;373.8859;387.7718;372.6034;332.7786;274.8871;206.8167;136.7593;72.2427;19.3016;-18.1134;-38.4308;-42.4315;-32.9235;-14.1726;8.8225;31.1060;48.4860;58.1020;58.7683;51.0511;37.0793;20.1219;1
-7.0000;-17.7496;-21.0546;-15.2281;-0.1450;22.6733;50.2314;78.4695;102.8559;119.0802;123.7495;114.9862;92.8390;59.4378;18.8606;-23.2832;-60.5116;-86.2909;-94.9186;-82.3547;-46.8875;10.4574;85.8316;172.8261;263.0646;347.0684;415.2965;459.2431;472.4604;451.3837;395.8548;309.2742;198.3544;72.4974;-57.1419;-178.8013;-281.3380;-355.3979;-394.3948;-395.1878;-358.3820;-288.2203;-192.0813;-79.6465;38.1669;150.3798;247.0987;320.5056;365.5829;380.4972;366.6103;328.1294;271.4514;204.2917;134.7101;70.1563;16.6492;-21.8155;-43.5666;-49.2461;-41.5006;-24.4328;-2.8961;18.2661;34.9290;44.2511;45.0182;37.7304;24.4253;8.2719;1
2.0000;-8.5871;-12.3402;-7.5697;5.9028;26.6534;51.8176;77.4872;99.2876;113.0575;115.5322;104.9328;81.3711;47.0033;5.8995;-36.3680;-73.3749;-98.6579;-106.5888;-93.1975;-56.8338;1.4275;77.7014;165.5531;256.5881;341.3133;410.1736;454.6463;468.2635;447.4378;391.9887;305.2985;194.0718;67.7171;-62.5859;-185.0291;-288.4040;-363.2740;-402.9602;-404.2270;-367.5929;-297.2327;-200.4850;-87.0255;32.1949;146.1256;244.7671;320.1705;367.1737;383.7994;371.2811;333.7267;277.4746;210.2290;140.0890;74.5904;19.8776;-19.9016;-42.9129;-49.6408;-42.5974;-25.7879;-4.0160;17.8706;35.6894;46.4923;48.9209;43.3074;31.5148;16.5483;1
-10,7103;-13,4335;29,1894;-23,0706;-26,7972;-4,1289;-28,0419;-19,4438;-13,2865;11,2743;8,8945;-18,2959;5,2607;5,2109;3,4134;5,7730;-11,7108;41,5705;-0,9152;-12,4816;-24,1433;-33,7447;11,8662;-3,4608;8,9721;26,7994;-12,9633;-36,2952;-3,2822;-5,3660;-38,5512;-24,0089;-18,9268;12,6466;5,0682;29,2267;-23,5160;10,7960;7,8625;21,2326;11,6461;-32,4394;48,6030;-9,2028;-4,7667;-15,1021;-1,3560;-13,0443;1,3326;3,2445;-30,3557;-11,1080;31,3545;-29,5264;-4,2636;-10,9411;2,2934;-20,4940;3,8568;16,2400;26,5315;19,7387;-5,7777;-11,8860;41,4744;-22,7069;29,4559;-6,7559;20,7041;-7,2584;0
-12,5291;-27,8259;-10,4292;0,6824;3,9201;-37,2111;-3,1903;5,0783;-14,8978;10,7684;4,6668;-1,1001;2,2471;24,8303;-50,0660;-17,4077;-16,1825;4,5524;-9,2694;30,8063;1,9293;11,5024;6,7327;-24,3303;-4,8754;3,8833;25,9962;10,9211;16,3561;21,3722;-16,4086;4,7662;-31,5479;6,7620;9,7866;28,2845;17,9895;-23,6908;-7,8492;7,2142;6,8043;-0,3015;-31,0250;-16,7084;-9,6809;10,1567;22,6149;-1,9299;9,1642;37,2011;11,9444;18,2060;-29,2407;-28,0203;-17,2558;-10,9210;0,0985;0,0309;9,8261;-8,6598;-25,6503;0,0668;11,9120;8,6868;-7,5088;8,6919;-0,0567;-10,0763;-3,4088;-3,0401;0
6,3991;1,3689;25,3490;-31,6536;1,9935;1,0038;-0,5821;-0,6669;-47,8161;-17,8391;-18,8329;-4,1690;6,0474;-23,5566;0,8082;-20,4981;1,8270;10,7463;-8,8099;5,1282;-25,3525;8,2575;12,9998;1,9384;16,0346;-17,2643;-18,8651;-22,4589;1,9577;-1,4535;-6,6521;-25,8476;26,7552;-2,0793;5,4766;4,1632;-37,5686;21,9948;46,8946;-13,0331;15,8113;-17,7295;9,5824;67,5067;-12,0221;-22,6717;-1,4761;-10,4066;-17,3165;-19,1721;-17,3325;-27,5095;-0,1168;42,3467;28,4189;-9,4278;31,3453;37,5434;14,0204;-7,8858;-0,4809;-15,7539;60,6670;20,7529;15,4674;-13,9349;21,5381;15,5103;-22,5210;12,7452;0
-3.0000;-14.8649;-18.9499;-13.5389;1.4742;24.5044;52.4572;81.1522;105.9315;122.3697;126.9853;117.8503;95.0072;60.6247;18.8598;-24.5707;-63.0620;-89.9597;-99.4586;-87.4475;-52.1854;5.2854;81.0556;168.6188;259.4770;344.0217;412.5909;456.5832;469.4936;447.7478;391.2276;303.4200;191.1609;63.9986;-66.7608;-189.2161;-292.1151;-366.0371;-404.3802;-404.0406;-365.7091;-293.7523;-195.6962;-81.3750;38.1529;151.7966;249.5916;323.6973;369.1233;384.1074;370.1164;331.4810;274.7231;207.6674;138.4519;74.5632;22.0094;-15.2704;-35.7020;-40.0514;-31.1015;-13.0861;9.0325;30.3379;46.6783;55.2343;54.8613;46.1679;31.3257;13.6478;1
-22,7548;17,2157;-22,7503;3,9058;-16,5367;11,6516;-22,2358;25,4273;37,6835;-31,1854;19,4025;23,0784;-31,6848;-14,4125;26,2942;28,5839;10,8566;-3,5297;4,6538;-19,8771;23,9787;-15,3523;25,1834;6,7754;-11,4403;-12,0296;-6,4535;-10,7391;-5,7554;3,8979;2,0714;2,5767;-9,5573;-19,9237;13,1924;9,2690;7,2989;-11,4405;-26,0669;1,2238;10,5619;23,0169;13,7453;-22,3685;-16,1465;-1,0404;-31,4602;20,0448;11,1007;44,8946;-6,0510;-44,6279;51,8314;17,1610;29,3120;-7,5503;21,5019;-23,2483;-7,7345;8,6155;26,5525;-22,3675;-7,9283;-9,2429;-28,5035;-18,7224;12,2930;-23,6146;21,4986;-20,8134;0
16,1547;-7,4743;-13,8466;-4,7860;6,7187;-3,7129;6,4742;6,4705;30,5150;1,2873;-21,2019;13,9747;-1,4726;19,9574;15,4715;-19,2886;1,8962;-1,8484;-14,7046;0,0256;-12,1031;13,2934;24,3135;3,5301;-2,9147;-5,4023;8,9371;11,0512;17,0680;-11,1808;0,7013;0,4216;-2,9192;1,0982;-19,4342;3,7456;28,9453;28,9821;-17,2808;33,2010;15,3269;10,8154;35,3052;3,5958;-4,1723;1,0420;26,9168;22,1309;25,8198;-25,9881;-14,9051;-23,6990;-39,6254;-3,6928;6,5932;-27,4806;26,4198;2,4683;-8,6433;-14,3304;1,8655;34,3806;7,9424;1,2166;4,8657;-20,7783;4,7327;23,3027;-7,3325;-21,0780;0
12,3919;16,5817;-0,7188;-44,6680;-11,7756;-5,5937;-18,2438;17,4351;0,9637;34,0230;1,9385;18,9794;3,4022;-18,6676;-22,1987;24,3650;16,7761;9,4468;24,8281;33,8755;31,1788;-24,9425;24,0313;-1,9425;3,7499;14,0440;19,0287;14,4910;-7,1048;11,6719;-14,9202;-39,3878;-57,8795;38,6694;29,0778;-0,4345;-30,3004;31,2639;-20,4570;0,3079;40,2991;15,1096;7,1221;-14,0341;-17,1282;24,7989;33,7084;23,3501;31,1588;-15,4791;9,5195;-33,1922;-1,6340;-6,2780;-23,2273;-30,5536;7,6508;-28,9543;6,1247;2,9528;28,8582;4,5732;19,4897;-45,8818;-46,9430;21,6144;-12,9297;-15,7382;-3,5914;-4,8842;0
22,4927;19,0497;1,6821;-39,1889;11,2583;1,9980;7,0509;-21,6433;13,2416;-20,7351;13,9431;7,4024;2,5536;20,1651;-12,5227;-1,0312;-14,0351;1,4058;2,9904;2,9292;-6,5967;-15,0453;19,8247;-21,1707;-15,0494;4,3097;10,9368;-15,7926;-13,2572;21,6083;15,4220;0,5338;-10,0342;-16,7664;5,4330;23,5105;5,4740;-15,3075;39,3623;-0,9117;3,8390;-17,5923;-9,4838;15,9535;14,3477;-13,8897;-32,0836;0,4886;24,6624;-8,4839;-13,5261;-53,6830;26,9509;-6,0580;-31,7477;-8,2244;1,1641;5,3582;8,2860;2,1935;17,8261;-27,0985;55,6817;-16,4741;-37,3779;7,5915;20,9002;18,3791;12,9228;-37,4975;0
15,8821;18,5009;-5,4387;-58,3600;14,6142;-16,6538;-1,3617;-17,5577;-7,5490;-14,8400;-13,4414;1,9301;-4,6854;-6,8451;-14,3350;-10,9481;-11,5080;-29,8131;35,0199;-1,4843;7,9540;19,2825;-32,6253;-3,0061;5,7701;-23,5183;29,9066;-9,6621;-11,7177;2,8737;44,6288;-8,0170;-31,4169;-13,5769;-13,9787;-11,2498;-27,9768;9,8048;11,5462;-1,0374;1,1727;23,9543;-32,7589;-6,5772;-28,6414;10,9375;27,2218;0,0906;-4,8797;-2,2063;-28,3853;-52,5685;-21,0562;-6,1122;9,2468;-14,8669;-36,6788;9,2420;22,9785;-9,5711;-17,8738;9,3167;-6,0233;-19,3374;-27,6595;-16,5123;-9,9531;-7,3647;5,9828;-6,7486;0
9.0000;-3.5065;-9.1789;-6.0527;6.2751;26.5286;51.8989;78.4360;101.6348;117.1326;121.4205;112.4647;90.1445;56.4366;15.3072;-27.6864;-66.0439;-93.1442;-103.1400;-91.8074;-57.2389;-0.2801;75.3573;163.3364;255.2740;341.6022;412.6159;459.5869;475.8125;457.4706;404.1735;319.1481;209.0107;83.1552;-47.1827;-170.0818;-274.1836;-349.8899;-390.3738;-392.2894;-356.0999;-285.9881;-189.3640;-76.0276;42.9125;156.2385;253.8023;327.5508;372.2834;386.0636;370.2484;329.1447;269.3466;198.8454;126.0264;58.6782;3.1332;-36.3611;-57.9743;-62.3007;-52.0593;-31.5383;-5.8718;19.7512;40.8319;54.1651;58.2216;53.2660;41.2019;25.1753;1
-20,3170;44,8641;41,1249;8,8718;-49,1979;-18,5833;9,4814;-11,2878;8,1214;-19,4647;0,2739;-4,9625;11,4792;-6,8501;-15,2079;-12,9648;-4,5754;-1,9394;-13,9532;5,5197;16,7109;1,0918;-3,5787;27,1608;21,3154;-2,1349;-23,2585;-19,5069;-26,5633;25,0002;-39,9166;16,7139;11,3428;-0,1537;2,5273;-33,5601;20,7571;-8,0775;22,6055;19,3420;-0,3948;-26,3313;5,1232;11,7707;26,6218;33,0390;9,2012;10,4252;17,4946;9,3226;1,0780;-27,4478;-16,5356;0,2392;1,8537;0,9968;-6,4225;-27,8770;30,3277;-13,5540;-20,8649;-1,1491;8,2699;27,4846;-12,7824;7,0407;5,8547;-19,3194;-30,1783;-33,5839;0
-10.0000;-24.2567;-30.0714;-25.6280;-10.8266;12.6400;41.4885;71.2978;97.1556;114.4070;119.4014;110.1295;86.6544;51.2682;8.3390;-36.1437;-75.2792;-102.1344;-110.6845;-96.6919;-58.4070;3.0100;83.4108;175.9510;271.7318;360.7235;432.8722;479.2585;493.1720;470.9704;412.6149;321.8109;205.7287;74.3275;-60.6446;-186.8649;-292.7274;-368.5649;-407.6625;-406.9471;-367.2763;-293.2960;-192.8867;-76.2667;45.1408;159.9447;257.9817;331.3385;375.0841;387.6399;370.7552;329.1052;269.5741;200.3196;129.7426;65.4877;13.5978;-22.0811;-40.1829;-41.7709;-29.9771;-9.3919;14.7012;37.1394;53.6281;61.3239;59.1775;47.9967;30.2293;9.5038;1
-5.0000;-17.4641;-22.0482;-16.8995;-1.8161;21.6585;50.4125;80.1909;106.2143;123.9046;129.6165;121.2689;98.7820;64.2501;21.8140;-22.7637;-62.7748;-91.4154;-102.7020;-92.3369;-58.4063;-1.8137;73.6201;161.4178;253.0479;338.8106;408.9078;454.5725;469.1266;448.8343;393.4471;306.3662;194.3953;67.1035;-64.1339;-187.3112;-291.0525;-365.8131;-404.8848;-405.0908;-367.0925;-295.2744;-197.2254;-82.8780;36.5909;149.9689;247.1865;320.3323;364.3917;377.6334;361.6099;320.7857;261.8514;192.8167;122.0003;57.0430;4.0626;-32.9507;-52.4371;-55.2423;-44.2858;-23.9797;0.5137;24.0783;42.3859;52.4828;53.1468;44.9724;30.1802;12.1866;1
-7,2057;28,5828;1,4417;29,9459;-23,4616;4,7276;10,8829;-4,2800;25,2032;1,0380;15,5597;15,7128;-38,2857;5,2616;-12,8160;-13,8563;10,3006;34,6282;11,4228;-3,0424;-12,5843;-17,6920;-34,2543;3,8788;-32,0712;-4,7096;-20,3590;-15,5765;-19,0964;-2,9702;8,2367;2,4997;-16,1647;-18,9729;-16,1874;-5,4419;-11,7091;-23,6879;17,4644;36,3839;21,6128;11,8533;0,0626;2,8538;-9,6345;8,8198;-4,9279;9,4072;10,8755;21,4664;-29,5852;-12,1849;6,0738;44,5354;14,0765;-18,8628;-7,9156;7,6933;18,4710;27,8909;44,8818;28,1789;28,7095;-31,5464;-24,4157;28,8119;-0,7151;-14,2605;10,2711;9,7044;0
-3,1994;14,8004;13,8685;-0,5566;7,8530;21,6816;-24,4509;-13,3871;23,2640;10,3225;12,1122;6,6894;20,7608;-1,5836;-14,5039;16,4931;6,2686;-10,3645;-8,7410;-12,4800;2,2672;-3,0431;30,1538;31,0410;-20,8919;-23,6498;-19,4502;-2,1221;-6,3018;20,1517;-11,2788;-1,4673;12,5009;-21,2298;16,2257;1,4889;24,9440;-23,8489;-5,5156;-8,5648;-15,3213;5,1700;39,2432;22,1632;11,3458;16,2885;-42,5983;-23,6841;-28,0421;23,4929;-5,9909;-1,8852;12,4379;4,8312;-7,1790;-17,7723;-12,4434;14,1094;-1,5290;-20,4490;41,4089;-10,4388;-4,8680;14,0950;-4,3511;-23,7660;0,3562;-3,3389;-18,0909;7,6088;0
-46,6434;-1,5296;-9,0091;27,5869;-27,8288;-18,8528;27,2649;-20,3995;17,1614;-13,9017;12,1725;-19,2059;-1,4100;-16,9028;4,5140;-13,9217;4,3776;17,8911;-6,0722;24,4969;-19,2345;-11,9174;-20,2047;-18,0951;2,8194;3,7456;32,2980;23,5301;19,6214;17,9636;-16,4771;-12,5597;-29,4045;0,0347;-0,3489;-24,5864;-13,0208;-7,2223;-28,3219;19,6104;-6,9156;-28,0205;-4,7046;-19,9144;-40,5551;21,7354;-13,4353;-19,0239;-6,4143;13,5804;-13,5920;5,0370;-0,6200;8,9371;-33,0788;5,0107;-15,5772;-8,3914;29,0671;-25,4694;2,6365;4,7431;-14,5746;-11,5407;-20,9907;-3,5123;8,6993;-5,2860;-11,1826;12,9679;0
-16,4088;-44,7038;-17,4544;-17,3110;-6,5424;17,3765;-10,8305;3,7915;-28,7357;33,1239;-15,1645;-11,3166;-8,4041;10,8009;-5,2501;-13,4688;22,1803;14,7894;-2,3149;-31,7259;-16,6871;11,7670;3,4889;11,1024;-2,4032;-0,2334;-18,1540;-7,5386;-32,5628;31,9727;-9,7862;21,5292;1,6360;21,2215;29,5530;21,9254;29,4403;-3,5527;-0,1879;-49,1539;-33,8309;-0,2989;10,3704;23,4427;39,2631;-13,6654;-13,8883;26,4497;-2,0884;5,9901;-20,7652;-12,7149;15,6671;15,1038;-2,0473;-16,6710;11,4524;2,4580;17,6365;6,2807;9,0245;-20,3874;-18,3606;17,1736;-34,5336;-30,0730;19,6769;-20,2201;-6,5330;7,3933;0
-5.0000;-18.1456;-23.3231;-18.6909;-4.0716;18.9615;47.2683;76.5757;102.1024;119.2893;124.5317;115.8081;93.1117;58.6140;16.5267;-27.3332;-66.2305;-93.3683;-102.8082;-90.3351;-54.1504;4.7041;82.2592;171.8921;264.9456;351.6260;422.0837;467.5500;481.3941;459.9740;403.1711;314.5398;201.0444;72.4055;-59.8746;-183.7007;-287.6531;-362.1927;-400.6637;-399.9815;-360.9281;-288.0224;-188.9860;-73.8675;46.0692;159.5621;256.5347;329.1092;372.3398;384.5897;367.5194;325.7014;265.9212;196.2601;125.0771;60.0189;7.1762;-29.5167;-48.5755;-50.9315;-39.5882;-19.0299;5.5281;28.9423;46.8833;56.4210;56.3762;47.3984;31.7667;12.9507;1
-1.0000;-13.4151;-18.4216;-14.3051;-0.9064;20.2968;46.3646;73.3027;96.6519;112.1741;116.5408;107.9221;86.3882;54.0577;14.9603;-25.3811;-60.6043;-84.3222;-90.9933;-76.7390;-39.9942;18.0984;93.6155;180.1240;269.2790;351.6863;417.9363;459.6889;470.6808;447.5331;390.2560;302.3849;190.7214;64.7016;-64.5413;-185.3199;-286.6091;-359.2025;-396.6740;-396.0382;-358.0342;-287.0031;-190.3770;-77.8409;39.7322;151.4494;247.5336;320.2998;364.8640;379.5122;365.6979;327.6832;271.8778;205.9672;137.9434;75.1583;23.5137;-13.1182;-33.1845;-37.4292;-28.5774;-10.7815;11.0847;32.1843;48.4217;56.9990;56.7542;48.2404;33.5440;15.8760;1
-8,4556;0,8593;27,5617;-8,6552;-0,7960;-23,3420;-21,5390;0,1774;9,2345;15,9010;-39,1340;-39,0691;-17,1630;9,1600;-2,9026;-4,5774;1,7896;4,1340;6,9796;-6,3145;0,7363;-10,6927;-21,6339;-8,2127;4,9079;-9,9015;-1,3986;21,5584;-21,8029;-27,3021;0,3025;1,6750;-2,4455;21,2149;30,8744;-7,6601;-10,6645;-4,9910;14,9348;12,1839;10,0580;-49,4755;-6,1192;29,9445;5,8097;29,5658;18,1883;-15,0260;-0,5554;19,1473;-33,6751;-36,4684;-1,9093;12,2797;7,9725;-6,5166;-25,7404;4,9094;7,8049;30,4242;-6,5981;-3,4184;16,5237;-19,3802;13,8878;-8,9019;-19,5336;-14,0216;11,2682;27,3904;0
